"","recoded_id","dob","herd_life","cull_date","average_resid","rltl_change","abs_rltl_change","amp_305_lactation","av_rltl_1_res","totalTELnumber","CutoffDate","Event","TimeMeasure","average_resid_3G","rltl_change_3G","abs_rltl_change_3G"
"1",25,"14/07/2009","2214","06/08/2015",-0.149099671,0.013518967,0.106199657666667,"7301.2",NA,3,"01/01/2017",1,2214,1,3,1
"2",104,"22/11/2008","2063","17/07/2014",0.212083380333333,0.0122496334,0.1556460698,"12266.8",0.185953535,5,"01/01/2017",1,2063,3,3,2
"3",124,"16/02/2009","1977","17/07/2014",0.106228058,-0.01293980875,0.15388155925,"5846.916667",-0.066053396,4,"01/01/2017",1,1977,3,2,2
"4",141,"16/02/2010","1612","17/07/2014",-0.2401333312,0.028116191,0.1380217765,"9168.466667",-0.12641467,4,"01/01/2017",1,1612,1,3,2
"5",202,"03/07/2011","1903","17/09/2016",-0.11587919175,-0.0852585213333333,0.0871273166666667,"9107.533333",-0.095547781,3,"01/01/2017",1,1903,1,1,1
"6",209,"04/08/2011","349","18/07/2012",0.1119874075,-0.508612457,0.508612457,"NULL",-0.142318821,1,"01/01/2017",1,349,3,1,3
"7",242,"31/03/2010","803","11/06/2012",0.111486674333333,0.0353307325,0.3188969585,"NULL",-0.101111298,2,"01/01/2017",1,803,3,3,3
"8",270,"05/04/2010","833","16/07/2012",-0.0200024796666667,0.0201759645,0.0340643075,"4861.1",-0.042712018,2,"01/01/2017",1,833,2,3,1
"9",289,"28/05/2009","742","09/06/2011",0.2003181635,-0.640397154,0.640397154,"12.2",-0.119880414,1,"01/01/2017",1,742,3,1,3
"10",309,"12/02/2009","2457","05/11/2015",0.0020086205,-0.0429690618,0.1006725826,"9631.6125",-0.064621613,5,"01/01/2017",1,2457,2,2,1
"11",318,"12/10/2010","NULL","NULL",-0.11892573775,-0.0508901383333333,0.213554767666667,"5916.425",-0.316731509,3,"01/01/2017",0,2273,1,2,3
"12",354,"22/07/2010","NULL","NULL",-0.0206754618,-0.011410082,0.1637290475,"6130.875",0.179732491,4,"01/01/2017",0,2355,2,2,2
"13",370,"27/06/2009","NULL","NULL",0.0589924364,0.06816729575,0.12172703925,"5553.316667",-0.056640393,4,"01/01/2017",0,2745,3,3,2
"14",372,"30/04/2011","NULL","NULL",-0.0862038055,-0.0827375623333333,0.0827375623333333,"6218.475",-0.024475262,3,"01/01/2017",0,2073,1,1,1
"15",382,"12/07/2010","NULL","NULL",0.0719732352,0.04707794425,0.18927104775,"5422.925",0.051139462,4,"01/01/2017",0,2365,3,3,3
"16",385,"01/05/2010","1461","01/05/2014",-0.15628277775,-0.0455577733333333,0.138021794,"6578.65",-0.217239913,3,"01/01/2017",1,1461,1,2,2
"17",428,"29/11/2009","NULL","NULL",0.1083873038,0.0036295775,0.0969850475,"5784.925",0.076861663,4,"01/01/2017",0,2590,3,3,1
"18",525,"01/09/2009","759","30/09/2011",0.235547888333333,-0.0818115735,0.3215380765,"NULL",0.021189171,2,"01/01/2017",1,759,3,1,3
"19",526,"07/04/2010","2275","29/06/2016",0.0089085604,-0.04971523775,0.13451710975,"7773.875",0.017490272,4,"01/01/2017",1,2275,2,2,2
"20",533,"25/10/2008","NULL","NULL",0.251586558,0.00251343066666666,0.110799838666667,"6348.55",0.289889507,6,"01/01/2017",0,2990,3,3,1
"21",562,"01/02/2012","897","17/07/2014",-0.0101514883333333,0.033295716,0.033295716,"2065",-0.014554827,2,"01/01/2017",1,897,2,3,1
"22",582,"06/04/2011","NULL","NULL",-0.11299072925,-0.0118368343333333,0.123078621666667,"6687.125",-0.165855984,3,"01/01/2017",0,2097,1,2,2
"23",625,"17/03/2011","1561","25/06/2015",0.21038587625,-0.00261232933333332,0.189141587333333,"7357.5",0.112175197,3,"01/01/2017",1,1561,3,3,3
"24",679,"25/04/2010","1356","10/01/2014",-0.1034998026,-0.02852689425,0.04022956025,"1819.6",-0.05117202,4,"01/01/2017",1,1356,1,2,1
"25",680,"11/01/2013","544","09/07/2014",0.0246532695,-0.197114495,0.197114495,"NULL",-0.073903978,1,"01/01/2017",1,544,2,1,3
"26",681,"07/11/2010","1160","10/01/2014",-0.0739600255,-0.0654907093333333,0.115124381333333,"4925.5",-0.081977619,3,"01/01/2017",1,1160,1,1,2
"27",743,"18/09/2012","932","08/04/2015",0.1128528565,0.189259295,0.189259295,"NULL",NA,1,"01/01/2017",1,932,3,3,3
"28",760,"23/05/2010","1110","06/06/2013",0.109611366,-0.131034803666667,0.131034803666667,"1335.5",0.101043431,3,"01/01/2017",1,1110,3,1,2
"29",785,"28/11/2011","1082","14/11/2014",-0.08718480525,-0.0808110563333333,0.0808110563333333,"9288.6",-0.029553061,3,"01/01/2017",1,1082,1,1,1
"30",813,"17/04/2011","648","24/01/2013",-0.111406973,0.002977672,0.002977672,"NULL",-0.109918137,1,"01/01/2017",1,648,1,3,1
"31",906,"07/11/2008","2275","30/01/2015",-0.129889231166667,0.0104661768,0.0587433584,"4277",-0.152831597,5,"01/01/2017",1,2275,1,3,1
"32",954,"04/07/2012","499","15/11/2013",-0.042656145,-0.140732199,0.140732199,"NULL",-0.1300140105,2,"01/01/2017",1,499,2,1,2
"33",961,"31/08/2010","NULL","NULL",-0.077582547,-0.036457404,0.199470625,"7710.7",-0.115133948,4,"01/01/2017",0,2315,1,2,3
"34",966,"02/01/2009","1147","23/02/2012",0.13534753075,0.010919975,0.309204057,"10171.2",0.431761609,3,"01/01/2017",1,1147,3,3,3
"35",1015,"20/08/2012","961","08/04/2015",0.096264399,-0.1237644615,0.1376871615,"NULL",0.004472958,2,"01/01/2017",1,961,3,1,2
"36",1024,"12/01/2010","1756","03/11/2014",0.0641092614,-0.15069044875,0.18689344125,"NULL",-0.027076808,4,"01/01/2017",1,1756,3,1,3
"37",1052,"03/12/2009","2171","13/11/2015",0.060098574,-0.014975642,0.1229872165,"8423.825",0.065369454,4,"01/01/2017",1,2171,3,2,2
"38",1099,"16/02/2011","NULL","NULL",0.046502319,0.056501615,0.103992862333333,"4744.35",0.02187134,3,"01/01/2017",0,2146,2,3,1
"39",1150,"27/10/2008","1620","04/04/2013",-0.130134031,9.45363333333301e-05,0.102322427,"3894.966667",NA,3,"01/01/2017",1,1620,1,3,1
"40",1178,"12/02/2009","NULL","NULL",0.063856118,-0.055157564,0.0749569226666667,"6564.92",0.285042838,6,"01/01/2017",0,2880,3,2,1
"41",1284,"20/04/2011","1138","01/06/2014",-0.025712798,-0.0292820146666667,0.12113708,"4064.05",0.026469978,3,"01/01/2017",1,1138,2,2,2
"42",1286,"05/11/2010","1378","14/08/2014",0.16224578625,-0.00729197000000001,0.217105785333333,"2765.35",0.062176128,3,"01/01/2017",1,1378,3,2,3
"43",1362,"14/04/2009","2185","08/04/2015",-0.0282551638333333,-0.0557979962,0.1498666282,"8612.266667",-0.087082958,5,"01/01/2017",1,2185,2,2,2
"44",1405,"09/08/2011","1182","03/11/2014",0.01555776675,-0.098623866,0.164040405333333,"3292.2",-0.013094081,3,"01/01/2017",1,1182,2,1,2
"45",1419,"28/05/2010","NULL","NULL",0.1566060916,-0.043384058,0.057436363,"2869.6",0.132784566,4,"01/01/2017",0,2410,3,2,1
"46",1559,"03/12/2009","1904","19/02/2015",-0.0354168216,0.08113677775,0.13372317675,"10239.23333",-0.13562095,4,"01/01/2017",1,1904,2,3,2
"47",1663,"09/01/2010","NULL","NULL",-0.0084798478,0.02349619925,0.07976408625,"NULL",0.031864633,4,"01/01/2017",0,2549,2,3,1
"48",1771,"01/09/2010","NULL","NULL",-0.2024073524,-0.023716183,0.0607366055,"7214.44",-0.247343186,4,"01/01/2017",0,2314,1,2,1
"49",1825,"02/01/2009","1762","30/10/2013",0.137844077,-0.14393122725,0.31755818225,"968",-0.142939121,4,"01/01/2017",1,1762,3,1,3
"50",1885,"27/07/2010","NULL","NULL",-0.116409853,-0.0076083045,0.0593926155,"2618",-0.09955837,4,"01/01/2017",0,2350,1,2,1
"51",1939,"03/02/2009","NULL","NULL",0.0774488181428571,-0.0207900665,0.261569708833333,"8400.6375",-0.01841067,6,"01/01/2017",0,2889,3,2,3
"52",1945,"25/05/2010","NULL","NULL",-0.0915513458,0.022410664,0.248868035,"5369.92",0.042535481,4,"01/01/2017",0,2413,1,3,3
"53",1973,"27/02/2010","1593","09/07/2014",-0.0102349806,0.024446583,0.151592935,"NULL",-0.029836956,4,"01/01/2017",1,1593,2,3,2
"54",1980,"04/11/2008","2264","16/01/2015",-0.0400717506666667,-0.0067919204,0.1079499176,"10147.16667",-0.142664236,5,"01/01/2017",1,2264,2,2,1
"55",2010,"10/08/2010","1834","18/08/2015",-0.14838795125,0.0642180046666667,0.091034094,"1063.3",-0.219562131,3,"01/01/2017",1,1834,1,3,1
"56",2035,"04/06/2012","641","07/03/2014",-0.0803828206666667,-0.0267241895,0.0290396095,"NULL",-0.061023081,2,"01/01/2017",1,641,1,2,1
"57",2041,"20/11/2010","1033","18/09/2013",-0.104162802666667,0.0078980385,0.0885519215,"6066.9",-0.163197417,2,"01/01/2017",1,1033,1,3,1
"58",2042,"29/03/2010","2045","03/11/2015",-0.138034394,-0.02390382,0.1574333875,"6274.15",-0.248131549,4,"01/01/2017",1,2045,1,2,2
"59",2093,"19/03/2009","NULL","NULL",-0.0334481428571429,-0.0356029973333333,0.129132569,"6785.25",0.009825862,6,"01/01/2017",0,2845,2,2,2
"60",2187,"22/02/2012","904","14/08/2014",-0.190708684,-0.008571907,0.011147583,"NULL",-0.198140406,2,"01/01/2017",1,904,1,2,1
"61",2210,"17/12/2010","1693","06/08/2015",0.11003082325,-0.0613458073333333,0.116929628666667,"8816.95",0.133276779,3,"01/01/2017",1,1693,3,1,2
"62",2269,"29/10/2008","2823","22/07/2016",0.130392856,-0.00653570085714285,0.163058015428571,"4956.77",0.210695749,7,"01/01/2017",1,2823,3,2,2
"63",2281,"08/01/2011","1671","06/08/2015",-0.000528767999999995,0.0973470126666667,0.180454157333333,"6675.4",-0.054892187,3,"01/01/2017",1,1671,2,3,3
"64",2298,"15/10/2008","2486","06/08/2015",0.083280735,-0.0501825895,0.192950814166667,"7114",0.07381441,6,"01/01/2017",1,2486,3,2,3
"65",2349,"14/03/2011","NULL","NULL",-0.12130500125,-0.112320571333333,0.13507824,"7915.675",-0.13333689,3,"01/01/2017",0,2120,1,1,2
"66",2371,"27/08/2011","1165","04/11/2014",-0.069667321,-0.190486401,0.190486401,"8076.4",NA,2,"01/01/2017",1,1165,1,1,3
"67",2380,"24/06/2009","658","13/04/2011",0.095163075,0.079345875,0.164504069,"NULL",-0.014506304,2,"01/01/2017",1,658,3,3,2
"68",2409,"12/11/2008","1633","03/05/2013",-0.0870464452,-0.04839852125,0.12162509525,"7508.166667",-0.005535383,4,"01/01/2017",1,1633,1,2,2
"69",2421,"31/12/2008","1373","04/10/2012",0.0760435666,0.0715132085,0.1697671285,"7731.95",-0.017843189,4,"01/01/2017",1,1373,3,3,3
"70",2425,"14/09/2008","1142","31/10/2011",-0.0375139413333333,-0.0409233465,0.2667199045,"8354",NA,2,"01/01/2017",1,1142,2,2,3
"71",2431,"09/12/2009","1627","24/05/2014",-0.0043449614,-0.03856275875,0.09105372025,"8182.65",0.030687492,4,"01/01/2017",1,1627,2,2,1
"72",2445,"13/08/2010","1609","08/01/2015",0.0643450428,-0.0820293225,0.2003706035,"8420.6",0.235716238,4,"01/01/2017",1,1609,3,1,3
"73",2500,"12/04/2012","1588","17/08/2016",-0.01852242225,-0.0918946383333333,0.112352077666667,"5194.833333",-0.103671427,3,"01/01/2017",1,1588,2,1,1
"74",2530,"10/01/2010","2140","20/11/2015",0.16120254,0.04907036975,0.09449015475,"NULL",0.104228291,4,"01/01/2017",1,2140,3,3,1
"75",2548,"06/06/2009","2155","01/05/2015",0.120918778833333,0.0061321168,0.144312302,"7017.716667",0.304953515,5,"01/01/2017",1,2155,3,3,2
"76",2559,"25/11/2010","2086","11/08/2016",0.005347598,-0.147949343333333,0.177245127333333,"9860.275",-0.030461253,3,"01/01/2017",1,2086,2,1,3
"77",2661,"09/07/2011","NULL","NULL",0.1107671165,0.0807595263333333,0.202073969,"8754.75",-0.021624217,3,"01/01/2017",0,2003,3,3,3
"78",2680,"01/11/2011","1186","30/01/2015",-0.0110639163333333,0.053268048,0.053268048,"4805",-0.007937534,2,"01/01/2017",1,1186,2,3,1
"79",2741,"20/06/2011","NULL","NULL",0.09254359,0.0258140766666667,0.206951567333333,"8954.466667",-0.100412402,3,"01/01/2017",0,2022,3,3,3
"80",2866,"08/09/2012","705","14/08/2014",0.0159327945,-0.082157959,0.082157959,"NULL",NA,1,"01/01/2017",1,705,2,1,1
"81",2874,"03/03/2010","1128","04/04/2013",-0.0503504556666667,0.0046983085,0.0046983085,"NULL",-0.049260841,2,"01/01/2017",1,1128,2,3,1
"82",2880,"24/10/2010","1914","20/01/2016",-0.14234913775,-0.00598427,0.166023138666667,"4860.05",-0.003220597,3,"01/01/2017",1,1914,1,3,2
"83",2929,"11/10/2010","906","04/04/2013",0.0977659696666667,-0.1314522635,0.1842954575,"NULL",-0.025097669,2,"01/01/2017",1,906,3,1,3
"84",2947,"01/06/2011","1142","17/07/2014",-0.15137590625,-0.0386370076666667,0.140209567666667,"5932",0.005406831,3,"01/01/2017",1,1142,1,2,2
"85",3006,"29/10/2010","1479","16/11/2014",-0.0776607332,-0.04083423225,0.16454100275,"7057.6",0.096684615,4,"01/01/2017",1,1479,1,2,2
"86",3007,"21/03/2009","1069","23/02/2012",0.02583562925,-0.0867892773333333,0.270165764,"7352.5",0.093088024,3,"01/01/2017",1,1069,2,1,3
"87",3034,"17/09/2010","948","22/04/2013",-0.0478712375,-0.0827850186666667,0.141893846,"4901",-0.142594823,3,"01/01/2017",1,948,2,1,2
"88",3037,"04/07/2010","NULL","NULL",0.02564226075,-0.0234858906666667,0.114461486,"6395.725",0.05769135,3,"01/01/2017",0,2373,2,2,1
"89",3062,"25/04/2010","1999","15/10/2015",-0.088905613,-0.067262096,0.2102187985,"2884.65",-0.281545277,4,"01/01/2017",1,1999,1,1,3
"90",3131,"06/07/2010","2325","16/11/2016",-0.1542109606,0.000945167000000004,0.1359461325,"11647.05",-0.270837544,4,"01/01/2017",1,2325,1,3,2
"91",3230,"10/05/2009","760","09/06/2011",-0.111443015333333,-0.2322470005,0.2322470005,"NULL",-0.131755321,2,"01/01/2017",1,760,1,1,3
"92",3254,"20/11/2010","NULL","NULL",-0.0084219425,-0.0858393926666667,0.312902643333333,"6600.8",-0.212591545,3,"01/01/2017",0,2234,2,1,3
"93",3278,"10/08/2011","NULL","NULL",0.02896933825,0.018260678,0.140191542666667,"6838.35",0.167290812,3,"01/01/2017",0,1971,2,3,2
"94",3386,"25/10/2009","1638","20/04/2014",0.1218602415,0.0251773046666667,0.116357354666667,"7071.833333",0.032572111,3,"01/01/2017",1,1638,3,3,2
"95",3524,"12/02/2010","535","01/08/2011",0.023392568,-0.224932412,0.224932412,"NULL",-0.089073638,1,"01/01/2017",1,535,2,1,3
"96",3533,"13/08/2012","731","14/08/2014",-0.2775339205,-0.0543816466666667,0.159176648,"NULL",-0.405257902,3,"01/01/2017",1,731,1,2,2
"97",3609,"12/04/2011","1975","07/09/2016",-0.01920544275,0.069742459,0.121767270333333,"10655.93333",-0.134624499,3,"01/01/2017",1,1975,2,3,2
"98",3610,"30/05/2010","1468","06/06/2014",-0.1210331312,-0.0453542235,0.130956951,"592.7",0.062859742,4,"01/01/2017",1,1468,1,2,2
"99",3661,"25/08/2009","2177","11/08/2015",0.119757341,-0.0322991595,0.1003410575,"8173.3",0.317252014,6,"01/01/2017",1,2177,3,2,1
"100",3735,"03/07/2011","1565","15/10/2015",0.080769955,-0.0826739696666667,0.188727737,"6986.8",0.146632837,3,"01/01/2017",1,1565,3,1,3
"101",3795,"26/10/2010","2018","05/05/2016",0.02949765875,-0.0280784786666667,0.160400634666667,"6126.1",-0.041478396,3,"01/01/2017",1,2018,2,2,2
"102",3926,"18/09/2008","2766","15/04/2016",0.0100570006666667,-0.027869903,0.1268750002,"9446.75",0.075074996,5,"01/01/2017",1,2766,2,2,2
"103",3927,"13/12/2009","1615","16/05/2014",0.1875791086,-0.0825044005,0.22276619,"10545",0.228350647,4,"01/01/2017",1,1615,3,1,3
"104",3965,"03/09/2010","NULL","NULL",0.1993202306,0.00929883200000001,0.1581418775,"9208.833333",0.174820589,4,"01/01/2017",0,2312,3,3,2
"105",3987,"13/01/2012","944","14/08/2014",-0.130619272666667,-0.1955774555,0.1955774555,"NULL",-0.138115057,2,"01/01/2017",1,944,1,1,3
"106",4022,"27/06/2011","840","14/10/2013",0.097676026,0.0575214156666667,0.130072790333333,"954.8",-0.022071167,3,"01/01/2017",1,840,3,3,2
"107",4028,"18/07/2009","2235","31/08/2015",-0.188421260166667,-0.0733611992,0.1709171988,"7703.35",-0.298986719,5,"01/01/2017",1,2235,1,1,3
"108",4091,"14/11/2009","925","27/05/2012",0.0802701176666667,-0.190946574,0.190946574,"1729",0.045964147,2,"01/01/2017",1,925,3,1,3
"109",4100,"24/02/2012","636","21/11/2013",-0.1010946815,-0.109483557,0.109483557,"NULL",-0.15583646,1,"01/01/2017",1,636,1,1,1
"110",4102,"03/04/2009","2375","04/10/2015",0.0132521565714286,-0.00729487883333333,0.1099472135,"5899.64",-0.033333451,6,"01/01/2017",1,2375,2,2,1
"111",4118,"01/12/2011","721","21/11/2013",-0.0998031285,0.115307631,0.115307631,"NULL",-0.042149313,1,"01/01/2017",1,721,1,3,2
"112",4133,"28/09/2010","982","06/06/2013",0.0436549085,-0.005864912,0.173073456,"1242.9",0.016447575,3,"01/01/2017",1,982,2,3,3
"113",4146,"02/06/2009","2627","11/08/2016",0.101976163666667,-0.0640686626,0.0963363982,"6528.62",0.182773213,5,"01/01/2017",1,2627,3,1,1
"114",4159,"07/02/2010","1516","03/04/2014",0.1520434736,0.006076953,0.141238271,"NULL",-0.020935349,4,"01/01/2017",1,1516,3,3,2
"115",4287,"19/06/2011","1573","09/10/2015",-0.081864646,-0.0938351736666667,0.0938351736666667,"9966.4",0.015148884,3,"01/01/2017",1,1573,1,1,1
"116",4391,"25/11/2008","2822","17/08/2016",-0.124714357666667,0.0655486342,0.1365874346,"11400.26",-0.129153212,5,"01/01/2017",1,2822,1,3,2
"117",4407,"24/06/2009","1766","25/04/2014",-0.001922638,-0.0580730578,0.1926062546,"5698.05",-0.198333198,5,"01/01/2017",1,1766,2,2,3
"118",4430,"10/01/2011","1222","16/05/2014",0.05108081475,-0.00626364599999998,0.30015923,"8283.4",0.307292377,3,"01/01/2017",1,1222,2,2,3
"119",4440,"22/05/2011","1790","15/04/2016",0.13143381625,-0.0185372216666667,0.130579711666667,"4660.466667",0.257948074,3,"01/01/2017",1,1790,3,2,2
"120",4529,"17/02/2011","1283","23/08/2014",-0.103595859,-0.0118139683333333,0.132246385,"9812.4",-0.22926922,3,"01/01/2017",1,1283,1,2,2
"121",4607,"18/04/2011","2067","14/12/2016",-0.19422537125,-0.0805928393333333,0.255691170666667,"10567.43333",-0.296865435,3,"01/01/2017",1,2067,1,1,3
"122",4609,"02/06/2011","735","06/06/2013",-0.069896506,0.0672239805,0.0672239805,"NULL",-0.088326921,2,"01/01/2017",1,735,1,3,1
"123",4662,"26/07/2012","749","14/08/2014",-0.136232566333333,-0.046555961,0.117623728,"NULL",-0.214648385,2,"01/01/2017",1,749,1,2,2
"124",4663,"15/03/2011","1158","16/05/2014",-0.039201391,0.0312196633333333,0.0874085953333333,"6153.1",0.023637991,3,"01/01/2017",1,1158,2,3,1
"125",4718,"11/03/2010","1848","02/04/2015",-0.0443141202,-0.080075666,0.2214584605,"5870.8",0.002835602,4,"01/01/2017",1,1848,2,1,3
"126",4755,"09/09/2010","NULL","NULL",-0.1748102716,-0.064275809,0.083945918,"5991.46",-0.132479486,4,"01/01/2017",0,2306,1,1,1
"127",4893,"04/05/2009","1624","14/10/2013",0.1096830045,-0.0240848838,0.0563883554,"6229.783333",0.155798236,5,"01/01/2017",1,1624,3,2,1
"128",4924,"24/09/2010","923","04/04/2013",-0.160877573,-0.0837722496666667,0.119392931,"447.9",-0.215735333,3,"01/01/2017",1,923,1,1,2
"129",4925,"21/02/2011","928","06/09/2013",-0.155780752333333,-0.0155551005,0.1648798585,"2014.4",-0.265700658,2,"01/01/2017",1,928,1,2,2
"130",4957,"13/12/2008","1515","05/02/2013",-0.04991949475,-0.00446019666666667,0.030683026,"753.4",-0.075440568,3,"01/01/2017",1,1515,2,3,1
"131",4967,"23/06/2012","NULL","NULL",0.1193582605,0.0416712673333333,0.197337198666667,"5921.233333",0.256961181,3,"01/01/2017",0,1653,3,3,3
"132",5003,"12/10/2009","1417","29/08/2013",0.052042104,-0.0659599686666667,0.125828896666667,"10345.2",-0.013237949,3,"01/01/2017",1,1417,2,1,2
"133",5013,"11/05/2012","794","14/07/2014",0.254321471,-0.037991358,0.037991358,"636.8",NA,1,"01/01/2017",1,794,3,2,1
"134",5050,"31/12/2009","NULL","NULL",0.1703415884,-0.02725525175,0.16023825275,"8500.525",0.038262975,4,"01/01/2017",0,2558,3,2,2
"135",5054,"04/09/2009","1770","10/07/2014",0.10952479,0.00578885933333333,0.188013314666667,"8889.916667",NA,3,"01/01/2017",1,1770,3,3,3
"136",5105,"15/03/2014","30","14/04/2014",0.132569101,-0.321186628,0.321186628,"NULL",NA,1,"01/01/2017",1,30,3,1,3
"137",5126,"03/03/2012","628","21/11/2013",0.100906406,-0.158541824,0.158541824,"NULL",0.021635494,1,"01/01/2017",1,628,3,1,2
"138",5199,"30/04/2012","836","14/08/2014",0.1553426,0.007880153,0.007880153,"NULL",NA,1,"01/01/2017",1,836,3,3,1
"139",5207,"16/03/2011","1604","06/08/2015",0.087167635,-0.001307664,0.067835732,"9416.2",0.024364715,3,"01/01/2017",1,1604,3,3,1
"140",5298,"03/01/2010","2041","06/08/2015",0.1196765908,-0.07640529625,0.14519598575,"10990.83333",-0.02868024,4,"01/01/2017",1,2041,3,1,2
"141",5315,"21/12/2008","2285","25/03/2015",0.14040302375,-0.021872509,0.171002225,"5201.75",-0.026458321,3,"01/01/2017",1,2285,3,2,3
"142",5330,"16/08/2010","NULL","NULL",-0.1864883394,-0.00169578825,0.07769793175,"7981.825",-0.076328436,4,"01/01/2017",0,2330,1,3,1
"143",5338,"15/12/2009","1776","26/10/2014",0.044875157,-0.00789509275,0.11756514075,"NULL",0.093353563,4,"01/01/2017",1,1776,2,2,2
"144",5419,"01/05/2009","NULL","NULL",-0.0183023548333333,-0.0037450632,0.1332637652,"5448.8",NA,5,"01/01/2017",0,2802,2,3,2
"145",5501,"27/11/2009","1610","25/04/2014",0.0719976248,-0.05913691875,0.22486372975,"6080.2",0.13934555,4,"01/01/2017",1,1610,3,2,3
"146",5552,"10/04/2010","NULL","NULL",0.0240233844,-0.0560358075,0.188808904,"5909",-0.008898837,4,"01/01/2017",0,2458,2,2,3
"147",5568,"10/09/2011","958","25/04/2014",-0.071893774,-0.0226184725,0.2883549285,"1148.5",-0.264130393,2,"01/01/2017",1,958,1,2,3
"148",5654,"13/02/2010","1532","25/04/2014",-0.1457776186,-0.02084391775,0.11909939275,"7781.8",-0.083109676,4,"01/01/2017",1,1532,1,2,2
"149",5672,"02/07/2012","501","15/11/2013",0.0520005925,-0.094907593,0.094907593,"NULL",0.004546796,1,"01/01/2017",1,501,2,1,1
"150",5709,"08/07/2009","NULL","NULL",-0.101098562333333,-0.0145039724,0.104278804,"5609.71",-0.162547971,5,"01/01/2017",0,2734,1,2,1
"151",5742,"09/12/2009","2437","11/08/2016",0.0620786394,-0.0474312565,0.111580885,"9725.7",0.172639622,4,"01/01/2017",1,2437,3,2,1
"152",5746,"25/03/2011","NULL","NULL",0.1395072285,-0.106146503,0.232682019666667,"6236.6",0.044144525,3,"01/01/2017",0,2109,3,1,3
"153",5751,"11/10/2010","NULL","NULL",0.13879349875,-0.0605840406666667,0.237565386666667,"7310.125",0.062414814,3,"01/01/2017",0,2274,3,2,3
"154",5756,"21/02/2010","1209","14/06/2013",0.00351438075,0.019900281,0.110407581666667,"3085.15",-0.029159731,3,"01/01/2017",1,1209,2,3,1
"155",5792,"17/07/2011","1384","01/05/2015",-0.00970962425000001,-0.124449565333333,0.180403324666667,"8272.8",-0.146096835,3,"01/01/2017",1,1384,2,1,3
"156",5795,"12/09/2012","961","01/05/2015",0.200073985,-0.194533834,0.194533834,"620.9",NA,1,"01/01/2017",1,961,3,1,3
"157",5894,"05/05/2009","1341","05/01/2013",-0.0284830076,-0.0216864795,0.081132599,"6785.25",-0.041107227,4,"01/01/2017",1,1341,2,2,1
"158",5939,"31/07/2010","1263","14/01/2014",-0.3298138986,0.000433732500000002,0.132710121,"4464.55",-0.380498011,4,"01/01/2017",1,1263,1,3,2
"159",6029,"16/07/2011","NULL","NULL",-0.161764489,-0.0300689306666667,0.110852110666667,"6956",-0.212900493,3,"01/01/2017",0,1996,1,2,1
"160",6101,"04/11/2010","909","01/05/2013",0.0981120183333333,-0.0503692505,0.0503692505,"5546.5",0.077022958,2,"01/01/2017",1,909,3,2,1
"161",6118,"13/11/2009","NULL","NULL",0.180453475,-0.0945043665,0.1579052805,"6107.26",0.105988803,4,"01/01/2017",0,2606,3,1,2
"162",6123,"14/02/2011","NULL","NULL",-0.2697965085,-0.115608450333333,0.115608450333333,"8943.2",-0.303740287,3,"01/01/2017",0,2148,1,1,2
"163",6128,"26/05/2011","2001","16/11/2016",0.2244007675,-0.082164708,0.373601778666667,"3621.425",-0.004868021,3,"01/01/2017",1,2001,3,1,3
"164",6131,"27/11/2009","1371","29/08/2013",0.03859051125,-0.07830053,0.150938122666667,"NULL",-0.03367832,3,"01/01/2017",1,1371,2,1,2
"165",6140,"27/07/2010","1045","06/06/2013",-0.0894332303333333,0.0630325925,0.2639577895,"5161.3",-0.26540509,2,"01/01/2017",1,1045,1,3,3
"166",6203,"31/03/2011","1960","11/08/2016",0.06446360525,0.0185881866666667,0.0811951126666667,"7283.933333",-0.032523067,3,"01/01/2017",1,1960,3,3,1
"167",6236,"18/09/2008","2583","15/10/2015",-0.0570975951428571,-0.0398527233333333,0.165816268333333,"8228.9125",-0.076417462,6,"01/01/2017",1,2583,1,2,2
"168",6365,"08/02/2009","2623","15/04/2016",-0.079246318,-0.0631548355,0.1222155025,"10466.375",0.05342666,4,"01/01/2017",1,2623,1,1,2
"169",6389,"22/01/2009","1940","16/05/2014",0.187680720833333,-0.104867203,0.183528347,"8526.633333",0.137194897,5,"01/01/2017",1,1940,3,1,3
"170",6431,"27/05/2009","2060","16/01/2015",0.0608763766666667,0.0420635966,0.1101074798,"56.1",0.091669494,5,"01/01/2017",1,2060,3,3,1
"171",6436,"27/07/2010","1094","25/07/2013",-0.02032272375,-0.0673667643333333,0.116751562333333,"7211.5",-0.04584184,3,"01/01/2017",1,1094,2,1,2
"172",6447,"11/07/2009","724","05/07/2011",0.0819154253333333,-0.096182828,0.09841823,"NULL",0.016303272,2,"01/01/2017",1,724,3,1,1
"173",6535,"22/04/2011","1567","06/08/2015",-0.0572316395,-0.0773994873333333,0.094825142,"6653.366667",-0.096464567,3,"01/01/2017",1,1567,1,1,1
"174",6546,"29/11/2009","750","19/12/2011",0.133681548666667,-0.07337616,0.331011997,"NULL",-0.086993116,2,"01/01/2017",1,750,3,1,3
"175",6585,"02/01/2009","1701","30/08/2013",-0.213474076,0.004547444,0.16719484,"9084.316667",-0.192844711,3,"01/01/2017",1,1701,1,3,3
"176",6626,"08/07/2012","495","15/11/2013",-0.1192135655,0.014500821,0.014500821,"NULL",-0.111963155,1,"01/01/2017",1,495,1,3,1
"177",6696,"14/04/2009","1381","24/01/2013",0.0100533672,0.0258973935,0.0954182145,"6360.05",-0.064373538,4,"01/01/2017",1,1381,2,3,1
"178",6747,"27/07/2012","830","04/11/2014",-0.110540616666667,0.0494972415,0.1076227595,"8.7",-0.182289123,2,"01/01/2017",1,830,1,3,1
"179",6776,"24/06/2011","NULL","NULL",-0.05136814125,-0.0840301356666667,0.367209042333333,"7546.425",-0.253766065,3,"01/01/2017",0,2018,2,1,3
"180",6784,"22/02/2011","NULL","NULL",0.0544870035,-0.00996051966666667,0.074260507,"6200.466667",0.140522373,3,"01/01/2017",0,2140,3,2,1
"181",6815,"22/02/2009","2146","08/01/2015",0.0232757363333333,-0.0554671362,0.0554671362,"1622.25",0.129461665,5,"01/01/2017",1,2146,2,2,1
"182",6873,"07/03/2009","1006","08/12/2011",0.0428002816,-0.09457234025,0.20465925125,"4920.2",0.161274745,4,"01/01/2017",1,1006,2,1,3
"183",6894,"10/01/2010","1937","01/05/2015",0.0472875072,-0.03874290825,0.16793611175,"7501.566667",-0.022598438,4,"01/01/2017",1,1937,2,2,3
"184",6927,"24/03/2011","NULL","NULL",0.11806908275,0.0362354036666667,0.176490874333333,"6561.725",0.173574534,3,"01/01/2017",0,2110,3,3,3
"185",6944,"29/06/2010","2192","29/06/2016",-0.0417916962,0.00870749399999999,0.1094620545,"880.1",-0.191335179,4,"01/01/2017",1,2192,2,3,1
"186",6951,"02/04/2010","1855","01/05/2015",0.0524700714285714,-0.0274107026666667,0.133620555,"7143.1",-0.027435292,6,"01/01/2017",1,1855,3,2,2
"187",6957,"20/05/2010","NULL","NULL",0.0444010782,-0.03846937275,0.14127739475,"8139.3",0.21406844,4,"01/01/2017",0,2418,2,2,2
"188",7002,"08/02/2009","2476","20/11/2015",-0.1709567742,-0.03851703475,0.06414256775,"7682.15",-0.088321646,4,"01/01/2017",1,2476,1,2,1
"189",7027,"26/02/2009","2077","04/11/2014",-0.0151553433333333,0.0328091386,0.0528307506,"7927.65",-0.060648062,5,"01/01/2017",1,2077,2,3,1
"190",7060,"19/12/2009","1364","13/09/2013",0.13169388975,-0.0842826003333333,0.200693618333333,"4287.933333",-0.005564577,3,"01/01/2017",1,1364,3,1,3
"191",7062,"15/03/2011","1927","23/06/2016",0.057685095,-0.0800265523333333,0.153373863,"8430.2",0.075950717,3,"01/01/2017",1,1927,3,1,2
"192",7120,"15/02/2009","1978","17/07/2014",0.134951942,-0.016060011,0.117730357,"8097.033333",0.181289547,5,"01/01/2017",1,1978,3,2,2
"193",7224,"26/01/2010","1551","26/04/2014",-0.0404750502,0.00168240975,0.05140123275,"5508.066667",-0.034217131,4,"01/01/2017",1,1551,2,3,1
"194",7232,"07/01/2011","1575","01/05/2015",-0.0680627355,-0.00583750833333333,0.138410691,"4943",-0.211498184,3,"01/01/2017",1,1575,1,3,2
"195",7239,"01/06/2009","2510","15/04/2016",0.1315805215,0.0344573668,0.1639128212,"9900.65",0.135058827,5,"01/01/2017",1,2510,3,3,2
"196",7286,"23/07/2011","NULL","NULL",-0.09262399975,0.0693744866666667,0.0998805986666667,"6313.3",-0.165961383,3,"01/01/2017",0,1989,1,3,1
"197",7358,"07/05/2011","699","05/04/2013",-0.103545611666667,-0.063604128,0.203572568,"620",-0.239260657,2,"01/01/2017",1,699,1,1,3
"198",7441,"14/11/2009","1815","03/11/2014",0.047233514,-0.0420603945,0.083446992,"NULL",0.048988906,4,"01/01/2017",1,1815,2,2,1
"199",7445,"29/04/2010","NULL","NULL",-0.08013082,-0.017893793,0.072952829,"6280.675",-0.1055282,4,"01/01/2017",0,2439,1,2,1
"200",7458,"10/09/2008","1549","07/12/2012",-0.0105643,-0.127474727,0.127474727,"4997.1",NA,4,"01/01/2017",1,1549,2,1,2
"201",7487,"04/11/2009","775","19/12/2011",0.127495779666667,-0.209571468,0.209571468,"NULL",0.156406935,2,"01/01/2017",1,775,3,1,3
"202",7522,"24/10/2010","NULL","NULL",0.08579121875,-0.159006161333333,0.159006161333333,"6608.9",0.220903474,3,"01/01/2017",0,2261,3,1,2
"203",7526,"13/01/2010","1177","04/04/2013",-0.019117821,-0.169309005,0.169309005,"5141.6",-0.019819642,3,"01/01/2017",1,1177,2,1,3
"204",7543,"18/02/2009","2090","09/11/2014",-0.193778162142857,0.004264281,0.125786111666667,"7681.6125",-0.201553199,6,"01/01/2017",1,2090,1,3,2
"205",7544,"26/12/2008","895","09/06/2011",0.10131958,0.018481643,0.023076058,"274.3",0.085935541,2,"01/01/2017",1,895,3,3,1
"206",7578,"11/01/2011","1758","04/11/2015",-0.01493385375,-0.0959005903333333,0.152411423,"9302.966667",-0.14281464,3,"01/01/2017",1,1758,2,1,2
"207",7588,"27/06/2010","1612","25/11/2014",0.0662165818,-0.02706165025,0.07122805625,"11249.7",0.113111907,4,"01/01/2017",1,1612,3,2,1
"208",7602,"10/08/2009","2067","08/04/2015",0.0987573811666667,-0.1230806534,0.2157216718,"8437.725",-0.107026198,5,"01/01/2017",1,2067,3,1,3
"209",7626,"15/10/2008","1825","14/10/2013",-0.131731845333333,-0.0253298684,0.0976387776,"6024.016667",-0.141760873,5,"01/01/2017",1,1825,1,2,1
"210",7637,"17/02/2009","1195","27/05/2012",-0.015488695,-0.063061452,0.253091351333333,"3985.2",-0.047059739,3,"01/01/2017",1,1195,2,1,3
"211",7645,"04/07/2009","NULL","NULL",0.000745317166666671,0.0281273508,0.1696448336,"6474.42",0.119017197,5,"01/01/2017",0,2738,2,3,3
"212",7674,"15/06/2009","1127","16/07/2012",-0.07617539075,-0.0587167343333333,0.138535619,"9924.25",-0.15983227,3,"01/01/2017",1,1127,1,2,2
"213",7743,"28/09/2009","1994","15/03/2015",0.1574535442,0.05574113125,0.16764048225,"NULL",NA,4,"01/01/2017",1,1994,3,3,3
"214",7765,"03/10/2012","383","21/10/2013",-0.0382120425,-0.124227663,0.124227663,"NULL",-0.100325874,1,"01/01/2017",1,383,2,1,2
"215",7816,"02/09/2009","NULL","NULL",-0.0562614396666667,-0.025793522,0.11960079,"6264.2375",-0.171577216,5,"01/01/2017",0,2678,1,2,2
"216",7822,"20/02/2010","1608","17/07/2014",0.253418219,-0.06332317425,0.22663423625,"12308.7",0.106764655,4,"01/01/2017",1,1608,3,1,3
"217",7832,"30/03/2012","867","14/08/2014",0.08680194,0.1072502525,0.2582728575,"NULL",-0.085379965,2,"01/01/2017",1,867,3,3,3
"218",7854,"15/12/2009","1750","30/09/2014",0.0137941828,-0.070617564,0.1453512115,"9923.1",0.125537972,4,"01/01/2017",1,1750,2,1,2
"219",7868,"22/06/2010","NULL","NULL",-0.0707935522,-0.01371933175,0.05297427175,"7809.26",-0.07883966,4,"01/01/2017",0,2385,1,2,1
"220",7870,"10/08/2011","1785","29/06/2016",0.0722076905,0.154163166,0.15879112,"8864.25",-0.083291103,3,"01/01/2017",1,1785,3,3,2
"221",7905,"26/08/2012","831","05/12/2014",-0.104145641,0.0205529475,0.0692411545,"1900.3",NA,2,"01/01/2017",1,831,1,3,1
"222",7908,"05/04/2009","2767","01/11/2016",0.00210486842857143,0.00393643833333333,0.123690934,"8624.9375",-0.053396858,6,"01/01/2017",1,2767,2,3,2
"223",7982,"12/02/2013","330","08/01/2014",0.2586307925,-0.434722207,0.434722207,"NULL",0.041269689,1,"01/01/2017",1,330,3,1,3
"224",8017,"04/09/2010","NULL","NULL",-0.0828325502,0.0114948385,0.204959881,"4370.3",-0.172451293,4,"01/01/2017",0,2311,1,3,3
"225",8142,"12/01/2012","1205","01/05/2015",-0.020500832,-0.0798195633333333,0.347901542,"2826.05",-0.180476748,3,"01/01/2017",1,1205,2,1,3
"226",8204,"12/05/2010","2079","20/01/2016",-0.0174361818,-0.03344625475,0.11509230425,"11998.6",0.019920904,4,"01/01/2017",1,2079,2,2,2
"227",8269,"19/10/2011","995","10/07/2014",0.424821987333333,-0.112065747,0.112065747,"1311",0.42712725,2,"01/01/2017",1,995,3,1,1
"228",8287,"27/08/2009","2541","11/08/2016",0.0955624361428571,-0.014475551,0.126117733,"6047.533333",0.118753316,6,"01/01/2017",1,2541,3,2,2
"229",8321,"13/01/2010","NULL","NULL",-0.0808071038,-0.039832692,0.0706432915,"6849.4",-0.086540919,4,"01/01/2017",0,2545,1,2,1
"230",8328,"06/02/2010","NULL","NULL",-0.0247638494,-0.04222515975,0.06462545625,"4735.5",0.019626133,4,"01/01/2017",0,2521,2,2,1
"231",8332,"13/12/2010","1786","03/11/2015",0.05236999175,0.0262581056666667,0.180768469666667,"11842.85",-0.024468161,3,"01/01/2017",1,1786,2,3,3
"232",8345,"10/05/2010","1557","14/08/2014",-0.0414269506,-0.0197773235,0.236270754,"9614.95",-0.207888457,4,"01/01/2017",1,1557,2,2,3
"233",8421,"19/12/2009","1483","10/01/2014",0.2087105912,-0.00499025875,0.10908464075,"7288.1",0.059125911,4,"01/01/2017",1,1483,3,3,1
"234",8439,"13/10/2008","2579","05/11/2015",-0.1727476182,0.05813858475,0.17492193875,"9239.1125",-0.131303431,4,"01/01/2017",1,2579,1,3,3
"235",8447,"29/06/2009","1193","04/10/2012",-0.0067937804,-0.00573012575,0.16389748975,"9794.3",-0.136555395,4,"01/01/2017",1,1193,2,3,2
"236",8455,"19/09/2010","2035","15/04/2016",-0.23527972525,0.0396391853333333,0.173398622,"7817",-0.430891479,3,"01/01/2017",1,2035,1,3,3
"237",8481,"12/01/2010","NULL","NULL",-0.125047337,-0.064008034,0.114702077,"6043.75",-0.183509242,4,"01/01/2017",0,2546,1,1,2
"238",8514,"31/10/2010","NULL","NULL",-0.09439403475,-0.0292904043333333,0.137645270333333,"6048.3",0.040516789,3,"01/01/2017",0,2254,1,2,2
"239",8530,"15/10/2013","273","15/07/2014",0.207406302,-0.39361225,0.39361225,"NULL",NA,1,"01/01/2017",1,273,3,1,3
"240",8556,"26/09/2010","1633","17/03/2015",0.0031836076,0.059453461,0.069738462,"7077.433333",-0.048618875,4,"01/01/2017",1,1633,2,3,1
"241",8584,"19/08/2009","2333","08/01/2016",-0.0956776601666667,0.006180922,0.1752986536,"5097.725",0.066867712,5,"01/01/2017",1,2333,1,3,3
"242",8617,"03/12/2009","1597","18/04/2014",-0.0852204852,-0.06414727425,0.17141466275,"10001.1",0.135641615,4,"01/01/2017",1,1597,1,1,3
"243",8649,"08/07/2011","1280","08/01/2015",-0.09959516825,-0.0739797336666667,0.151571908333333,"10244.9",0.067643252,3,"01/01/2017",1,1280,1,1,2
"244",8652,"21/01/2009","2113","04/11/2014",-0.0355826735,-0.130336876333333,0.225007597666667,"7027.6",-0.086971559,3,"01/01/2017",1,2113,2,1,3
"245",8707,"27/07/2010","NULL","NULL",-0.2188338926,-0.0646815745,0.0646815745,"7320.5",-0.178236233,4,"01/01/2017",0,2350,1,1,1
"246",8716,"16/01/2010","2452","03/10/2016",0.03313910575,-0.002253835,0.102668323,"3293.6",-0.041186291,3,"01/01/2017",1,2452,2,3,1
"247",8727,"19/04/2011","1661","05/11/2015",-0.10887830475,-0.040471311,0.128278929,"4465.166667",-0.237189128,3,"01/01/2017",1,1661,1,2,2
"248",8762,"26/04/2010","1992","09/10/2015",0.0107659542,-0.04091982675,0.12613743925,"6663.975",0.061356255,4,"01/01/2017",1,1992,2,2,2
"249",8767,"16/06/2010","2015","22/12/2015",-0.123932446,-0.00837236625,0.06830960375,"7759.366667",-0.119541024,4,"01/01/2017",1,2015,1,2,1
"250",8896,"25/08/2009","2075","01/05/2015",0.092174603,-0.0166233516,0.1771326228,"11290.45",-0.027812072,5,"01/01/2017",1,2075,3,2,3
"251",8911,"17/06/2010","NULL","NULL",-0.0417733136,-0.03085011475,0.08408820525,"6201.82",0.065185161,4,"01/01/2017",0,2390,2,2,1
"252",9002,"13/03/2011","NULL","NULL",0.10363703925,-0.032205292,0.19967981,"8775.15",-0.102861029,3,"01/01/2017",0,2121,3,2,3
"253",9005,"13/03/2012","1121","08/04/2015",-0.167383287,-0.086046592,0.086046592,"NULL",NA,1,"01/01/2017",1,1121,1,1,1
"254",9029,"20/02/2009","NULL","NULL",-0.064999184,-0.0247469216666667,0.145881439,"549.7",-0.077468127,3,"01/01/2017",0,2872,1,2,2
"255",9126,"06/10/2012","908","02/04/2015",0.0476568975,-0.136235007,0.136235007,"3361.4",-0.020460606,1,"01/01/2017",1,908,2,1,2
"256",9131,"25/09/2009","1530","03/12/2013",0.1897820705,-0.0874932542,0.2338560326,"4906.333333",NA,5,"01/01/2017",1,1530,3,1,3
"257",9151,"15/04/2011","NULL","NULL",-0.0490420875,-0.00618152533333333,0.247231386666667,"7057.05",-0.18411839,3,"01/01/2017",0,2088,2,3,3
"258",9174,"12/09/2008","956","26/04/2011",-0.0831381396666667,-0.0190166435,0.0307970885,"6816.3",NA,2,"01/01/2017",1,956,1,2,1
"259",9220,"16/04/2011","930","01/11/2013",-0.122090485,0.00358605100000001,0.140526287666667,"5302.9",-0.010840518,3,"01/01/2017",1,930,1,3,2
"260",9221,"19/09/2009","1057","11/08/2012",-0.00786257133333333,0.130160908,0.130160908,"5641",NA,2,"01/01/2017",1,1057,2,3,2
"261",9268,"31/03/2011","NULL","NULL",0.1339518735,0.087789926,0.127989465333333,"6987.9",0.163814029,3,"01/01/2017",0,2103,3,3,2
"262",9277,"20/07/2011","1902","03/10/2016",0.07562791075,0.0130564166666667,0.06577718,"7723.333333",0.043016347,3,"01/01/2017",1,1902,3,3,1
"263",9406,"16/04/2011","NULL","NULL",0.06199997775,-0.0846900393333333,0.0846900393333333,"6736.85",0.044802656,3,"01/01/2017",0,2087,3,1,1
"264",9447,"03/01/2011","822","04/04/2013",-0.132232033666667,0.013889139,0.165227612,"NULL",-0.242383775,2,"01/01/2017",1,822,1,3,2
"265",9477,"16/10/2008","2017","25/04/2014",-0.164550593,-0.0023951778,0.1139473522,"6042.075",-0.19339262,5,"01/01/2017",1,2017,1,3,1
"266",9493,"10/08/2011","NULL","NULL",0.01047929475,-0.0768086736666667,0.0925045996666667,"7388.025",-0.018360627,3,"01/01/2017",0,1971,2,1,1
"267",9518,"19/08/2010","1345","25/04/2014",-0.0962237522,-0.09145599525,0.20573268375,"10250.7",-0.24060579,4,"01/01/2017",1,1345,1,1,3
"268",9528,"17/03/2011","NULL","NULL",-0.022740172,0.0146733403333333,0.163394329,"7606.45",0.12929809,3,"01/01/2017",0,2117,2,3,2
"269",9679,"24/05/2011","NULL","NULL",0.009518902,0.018038147,0.0874196843333333,"8065.933333",0.0658718,3,"01/01/2017",0,2049,2,3,1
"270",9683,"14/01/2009","1766","15/11/2013",-0.0413983528333333,-0.066748245,0.104181525,"5098.916667",-0.045206873,5,"01/01/2017",1,1766,2,1,1
"271",9746,"27/05/2009","2060","16/01/2015",-0.0676392663333333,-0.032055286,0.1668928592,"4434.025",-0.109561895,5,"01/01/2017",1,2060,1,2,3
"272",9747,"30/12/2013","302","28/10/2014",-0.0117614165,0.183833698,0.183833698,"NULL",0.080155433,1,"01/01/2017",1,302,2,3,3
"273",9819,"01/11/2009","1657","16/05/2014",0.0147947396,-0.06770145175,0.09642208225,"NULL",0.004831337,4,"01/01/2017",1,1657,2,1,1
"274",9829,"02/08/2010","1830","06/08/2015",-0.0576068212,0.01496122275,0.05143631975,"9892.25",-0.100398931,4,"01/01/2017",1,1830,1,3,1
"275",9859,"28/08/2009","2072","01/05/2015",-0.0369678783333333,-0.0634411712,0.0980989888,"8425.966667",-0.129289876,5,"01/01/2017",1,2072,2,1,1
"276",9911,"11/09/2008","1421","02/08/2012",-0.04402601675,-0.104401439666667,0.151493010333333,"440.4",NA,3,"01/01/2017",1,1421,2,1,2
"277",9914,"26/03/2009","805","09/06/2011",-0.141226654333333,-0.0270952575,0.0669374635,"NULL",-0.18585163,2,"01/01/2017",1,805,1,2,1
"278",9942,"11/05/2011","919","15/11/2013",0.18614735125,0.044777281,0.193787745,"3066.1",0.165733559,3,"01/01/2017",1,919,3,3,3
"279",10001,"14/08/2009","1715","25/04/2014",0.150404152857143,-0.0218011176666667,0.176836470333333,"9572.75",0.021403887,6,"01/01/2017",1,1715,3,2,3
"280",10010,"17/02/2011","1904","05/05/2016",-0.0042121055,-0.0847659293333333,0.174217209333333,"8394.2",0.129818231,3,"01/01/2017",1,1904,2,1,3
"281",10019,"11/04/2009","2166","17/03/2015",0.0100744681666667,-0.0405800562,0.1926768622,"10269.4",-0.153197429,5,"01/01/2017",1,2166,2,2,3
"282",10048,"25/12/2011","845","18/04/2014",-0.083962033,-0.392633226,0.392633226,"2059",-0.280278646,1,"01/01/2017",1,845,1,1,3
"283",10120,"17/11/2010","2191","16/11/2016",0.0273670665,-0.047887579,0.160737188333333,"7982.575",-0.117060386,3,"01/01/2017",1,2191,2,2,2
"284",10125,"15/08/2010","1822","11/08/2015",-0.2057480975,-0.139225034333333,0.139225034333333,"271.6",-0.213938881,3,"01/01/2017",1,1822,1,1,2
"285",10177,"07/12/2010","1793","04/11/2015",-0.08724200575,-0.0150312906666667,0.138543261333333,"7842.733333",-0.097872601,3,"01/01/2017",1,1793,1,2,2
"286",10183,"22/02/2010","1596","07/07/2014",0.0020915212,-0.025614386,0.0495647905,"6967.2",0.029255536,4,"01/01/2017",1,1596,2,2,1
"287",10259,"04/06/2009","1786","25/04/2014",-0.0735055852857143,-0.00775446183333333,0.1364084015,"6560.275",-0.186391054,6,"01/01/2017",1,1786,1,2,2
"288",10284,"05/06/2009","1137","16/07/2012",-0.055400427,-0.016248609,0.064728293,"6424.9",-0.060896989,3,"01/01/2017",1,1137,1,2,1
"289",10324,"19/12/2008","888","26/05/2011",0.0375408615,-0.334019987,0.334019987,"234.2",-0.129469132,1,"01/01/2017",1,888,2,1,3
"290",10420,"05/12/2008","2708","05/05/2016",-0.092476829,0.02542984525,0.11318100125,"8335.775",-0.066567696,4,"01/01/2017",1,2708,1,3,1
"291",10429,"03/03/2009","1942","27/06/2014",-0.0385704386666667,-0.0334922802,0.1087615366,"609.2",-0.099619532,5,"01/01/2017",1,1942,2,2,1
"292",10482,"15/09/2011","798","21/11/2013",-0.0014581545,0.315329408,0.315329408,"NULL",0.15620655,1,"01/01/2017",1,798,2,3,3
"293",10533,"16/05/2009","1301","07/12/2012",0.0896472632,0.00193439624999999,0.20923264275,"6792.975",-0.036426113,4,"01/01/2017",1,1301,3,3,3
"294",10595,"24/05/2010","476","12/09/2011",-0.0551869595,-0.209278251,0.209278251,"NULL",-0.159826085,1,"01/01/2017",1,476,1,1,3
"295",10639,"19/02/2009","NULL","NULL",0.0191600533333333,-0.0267929762,0.1258357326,"10968.7",0.106327,5,"01/01/2017",0,2873,2,2,2
"296",10651,"07/04/2011","658","24/01/2013",0.0853462315,-0.258211849,0.258211849,"NULL",-0.043759693,1,"01/01/2017",1,658,3,1,3
"297",10654,"05/10/2009","1739","10/07/2014",-0.0254181296,-0.12605682775,0.16496588125,"7717.1",-0.081507928,4,"01/01/2017",1,1739,2,1,2
"298",10723,"01/02/2012","1019","16/11/2014",0.04018069825,-0.087069234,0.119686306666667,"7925",-0.015774097,3,"01/01/2017",1,1019,2,1,2
"299",10729,"11/12/2008","1436","16/11/2012",0.13554890725,-0.187512063333333,0.187512063333333,"651.3",0.082551494,3,"01/01/2017",1,1436,3,1,3
"300",10742,"03/07/2011","1156","01/09/2014",0.1249019525,-0.0776665503333333,0.190855303,"5167.45",-0.021928271,3,"01/01/2017",1,1156,3,1,3
"301",10760,"04/01/2011","NULL","NULL",-0.07031429075,-0.0225034403333333,0.112103491,"7636.133333",-0.169835606,3,"01/01/2017",0,2189,1,2,1
"302",10846,"16/12/2011","1158","16/02/2015",-0.155190574,-0.0085931315,0.0327225195,"3714.1",-0.133375561,2,"01/01/2017",1,1158,1,2,1
"303",10936,"25/11/2011","727","21/11/2013",-0.0382000275,-0.030825357,0.030825357,"NULL",-0.053612706,1,"01/01/2017",1,727,2,2,1
"304",10952,"07/08/2009","2567","17/08/2016",0.0880084533333333,-0.0185292088,0.112650968,"6961.1",0.124018973,5,"01/01/2017",1,2567,3,2,1
"305",10953,"06/12/2010","1429","04/11/2014",-0.01042740075,0.018608002,0.134583906666667,"8612.35",0.114640059,3,"01/01/2017",1,1429,2,3,2
