"","recoded_id","RLTL0","S_date0","herd_life","cull_date","dob","tel_sample_no","sample_year0","RLTL1","S_date1","sample_year","sample_interval","sInt","CutoffDate","Event","TimeMeasure","ResDiff","ResDiff_3G"
"1",104,0.124782352,"28/11/2008","2063","17/07/2014","22/11/2008",1,2008,0.185953535,"16/03/2010",2010,473,473,"01/01/2017",1,2063,0.061171183,3
"2",124,0.167802284,"20/02/2009","1977","17/07/2014","16/02/2009",1,2009,-0.066053396,"16/03/2010",2010,389,389,"01/01/2017",1,1977,-0.23385568,1
"3",141,-0.285398732,"26/02/2010","1612","17/07/2014","16/02/2010",1,2010,-0.12641467,"14/04/2011",2011,412,412,"01/01/2017",1,1612,0.158984062,3
"4",202,-0.009724416,"08/07/2011","1903","17/09/2016","03/07/2011",1,2011,-0.095547781,"23/03/2012",2012,259,259,"01/01/2017",1,1903,-0.085823365,2
"5",209,0.366293636,"16/08/2011","349","18/07/2012","04/08/2011",1,2011,-0.142318821,"23/03/2012",2012,220,220,"01/01/2017",1,349,-0.508612457,1
"6",242,0.182454928,"05/04/2010","803","11/06/2012","31/03/2010",1,2010,-0.101111298,"14/04/2011",2011,374,374,"01/01/2017",1,803,-0.283566226,1
"7",270,-0.028823675,"08/04/2010","833","16/07/2012","05/04/2010",1,2010,-0.042712018,"14/04/2011",2011,371,371,"01/01/2017",1,833,-0.013888343,3
"8",289,0.520516741,"01/06/2009","742","09/06/2011","28/05/2009",1,2009,-0.119880414,"16/03/2010",2010,288,288,"01/01/2017",1,742,-0.640397155,1
"9",309,0.195118958,"20/02/2009","2457","05/11/2015","12/02/2009",1,2009,-0.064621613,"16/03/2010",2010,389,389,"01/01/2017",1,2457,-0.259740571,1
"10",318,0.033216769,"15/10/2010","NULL","NULL","12/10/2010",1,2010,-0.316731509,"23/03/2012",2012,525,525,"01/01/2017",0,2273,-0.349948278,1
"11",354,0.018869503,"28/07/2010","NULL","NULL","22/07/2010",1,2010,0.179732491,"14/04/2011",2011,260,260,"01/01/2017",0,2355,0.160862988,3
"12",370,0.040106612,"29/06/2009","NULL","NULL","27/06/2009",1,2009,-0.056640393,"16/03/2010",2010,260,260,"01/01/2017",0,2745,-0.096747005,2
"13",372,0.022016837,"05/05/2011","NULL","NULL","30/04/2011",1,2011,-0.024475262,"23/03/2012",2012,323,323,"01/01/2017",0,2073,-0.046492099,2
"14",382,0.009652639,"16/07/2010","NULL","NULL","12/07/2010",1,2010,0.051139462,"14/04/2011",2011,272,272,"01/01/2017",0,2365,0.041486823,3
"15",385,-0.096336998,"06/05/2010","1461","01/05/2014","01/05/2010",1,2010,-0.217239913,"14/04/2011",2011,343,343,"01/01/2017",1,1461,-0.120902915,2
"16",428,0.080789443,"03/12/2009","NULL","NULL","29/11/2009",1,2009,0.076861663,"28/03/2011",2011,480,480,"01/01/2017",0,2590,-0.00392778000000001,3
"17",525,0.424538821,"10/09/2009","759","30/09/2011","01/09/2009",1,2009,0.021189171,"16/03/2010",2010,187,187,"01/01/2017",1,759,-0.40334965,1
"18",526,0.119113696,"13/04/2010","2275","29/06/2016","07/04/2010",1,2010,0.017490272,"14/04/2011",2011,366,366,"01/01/2017",1,2275,-0.101623424,2
"19",533,0.101495555,"28/10/2008","NULL","NULL","25/10/2008",1,2008,0.289889507,"16/03/2010",2010,504,504,"01/01/2017",0,2990,0.188393952,3
"20",562,-0.041245535,"03/02/2012","897","17/07/2014","01/02/2012",1,2012,-0.014554827,"07/03/2013",2013,398,398,"01/01/2017",1,897,0.026690708,3
"21",582,-0.016074415,"12/04/2011","NULL","NULL","06/04/2011",1,2011,-0.165855984,"23/03/2012",2012,346,346,"01/01/2017",0,2097,-0.149781569,2
"22",625,0.172618106,"22/03/2011","1561","25/06/2015","17/03/2011",1,2011,0.112175197,"23/03/2012",2012,367,367,"01/01/2017",1,1561,-0.060442909,2
"23",679,-0.021398363,"29/04/2010","1356","10/01/2014","25/04/2010",1,2010,-0.05117202,"14/04/2011",2011,350,350,"01/01/2017",1,1356,-0.029773657,3
"24",680,0.123210517,"21/01/2013","544","09/07/2014","11/01/2013",1,2013,-0.073903978,"03/04/2014",2014,437,437,"01/01/2017",1,544,-0.197114495,1
"25",681,-0.004931622,"12/11/2010","1160","10/01/2014","07/11/2010",1,2010,-0.081977619,"23/03/2012",2012,497,497,"01/01/2017",1,1160,-0.077045997,2
"26",760,0.369284509,"27/05/2010","1110","06/06/2013","23/05/2010",1,2010,0.101043431,"14/04/2011",2011,322,322,"01/01/2017",1,1110,-0.268241078,1
"27",785,0.028026206,"01/12/2011","1082","14/11/2014","28/11/2011",1,2011,-0.029553061,"07/03/2013",2013,462,462,"01/01/2017",1,1082,-0.057579267,2
"28",813,-0.112895809,"20/04/2011","648","24/01/2013","17/04/2011",1,2011,-0.109918137,"23/03/2012",2012,338,338,"01/01/2017",1,648,0.002977672,3
"29",906,-0.107194774,"11/11/2008","2275","30/01/2015","07/11/2008",1,2008,-0.152831597,"16/03/2010",2010,490,490,"01/01/2017",1,2275,-0.045636823,2
"30",954,0.132059586,"10/07/2012","499","15/11/2013","04/07/2012",1,2012,-0.11062321,"07/03/2013",2013,240,240,"01/01/2017",1,499,-0.242682796,1
"31",954,0.132059586,"10/07/2012","499","15/11/2013","04/07/2012",1,2012,-0.149404811,"14/10/2013",2013,461,461,"01/01/2017",1,499,-0.281464397,1
"32",961,0.190292719,"07/09/2010","NULL","NULL","31/08/2010",1,2010,-0.115133948,"14/04/2011",2011,219,219,"01/01/2017",0,2315,-0.305426667,1
"33",966,-0.048424439,"12/01/2009","1147","23/02/2012","02/01/2009",1,2009,0.431761609,"16/03/2010",2010,428,428,"01/01/2017",1,1147,0.480186048,3
"34",1015,0.265924581,"21/08/2012","961","08/04/2015","20/08/2012",1,2012,0.004472958,"07/03/2013",2013,198,198,"01/01/2017",1,961,-0.261451623,1
"35",1024,0.464574191,"18/01/2010","1756","03/11/2014","12/01/2010",1,2010,-0.027076808,"14/04/2011",2011,451,451,"01/01/2017",1,1756,-0.491650999,1
"36",1052,0.040521569,"08/12/2009","2171","13/11/2015","03/12/2009",1,2009,0.065369454,"28/03/2011",2011,475,475,"01/01/2017",1,2171,0.024847885,3
"37",1099,0.021956683,"22/02/2011","NULL","NULL","16/02/2011",1,2011,0.02187134,"23/03/2012",2012,395,395,"01/01/2017",0,2146,-8.53430000000016e-05,3
"38",1178,0.28492147,"20/02/2009","NULL","NULL","12/02/2009",1,2009,0.285042838,"16/03/2010",2010,389,389,"01/01/2017",0,2880,0.000121368000000011,3
"39",1284,-0.059752575,"27/04/2011","1138","01/06/2014","20/04/2011",1,2011,0.026469978,"23/03/2012",2012,331,331,"01/01/2017",1,1138,0.086222553,3
"40",1286,0.115893037,"12/11/2010","1378","14/08/2014","05/11/2010",1,2010,0.062176128,"23/03/2012",2012,497,497,"01/01/2017",1,1378,-0.053716909,2
"41",1362,0.303282124,"21/04/2009","2185","08/04/2015","14/04/2009",1,2009,-0.087082958,"16/03/2010",2010,329,329,"01/01/2017",1,2185,-0.390365082,1
"42",1405,0.14308301,"16/08/2011","1182","03/11/2014","09/08/2011",1,2011,-0.013094081,"23/03/2012",2012,220,220,"01/01/2017",1,1182,-0.156177091,2
"43",1419,0.252573846,"04/06/2010","NULL","NULL","28/05/2010",1,2010,0.132784566,"14/04/2011",2011,314,314,"01/01/2017",0,2410,-0.11978928,2
"44",1559,-0.066637382,"08/12/2009","1904","19/02/2015","03/12/2009",1,2009,-0.13562095,"28/03/2011",2011,475,475,"01/01/2017",1,1904,-0.068983568,2
"45",1663,-0.108224058,"13/01/2010","NULL","NULL","09/01/2010",1,2010,0.031864633,"28/03/2011",2011,439,439,"01/01/2017",0,2549,0.140088691,3
"46",1771,-0.132881094,"07/09/2010","NULL","NULL","01/09/2010",1,2010,-0.247343186,"14/04/2011",2011,219,219,"01/01/2017",0,2314,-0.114462092,2
"47",1825,0.584360333,"12/01/2009","1762","30/10/2013","02/01/2009",1,2009,-0.142939121,"16/03/2010",2010,428,428,"01/01/2017",1,1762,-0.727299454,1
"48",1885,-0.156338385,"02/08/2010","NULL","NULL","27/07/2010",1,2010,-0.09955837,"14/04/2011",2011,255,255,"01/01/2017",0,2350,0.056780015,3
"49",1939,0.189533363,"09/02/2009","NULL","NULL","03/02/2009",1,2009,-0.01841067,"16/03/2010",2010,400,400,"01/01/2017",0,2889,-0.207944033,1
"50",1945,-0.203098462,"01/06/2010","NULL","NULL","25/05/2010",1,2010,0.042535481,"14/04/2011",2011,317,317,"01/01/2017",0,2413,0.245633943,3
"51",1973,0.014779325,"08/03/2010","1593","09/07/2014","27/02/2010",1,2010,-0.029836956,"14/04/2011",2011,402,402,"01/01/2017",1,1593,-0.044616281,3
"52",1980,0.056975732,"10/11/2008","2264","16/01/2015","04/11/2008",1,2008,-0.142664236,"16/03/2010",2010,491,491,"01/01/2017",1,2264,-0.199639968,1
"53",2010,-0.179337997,"17/08/2010","1834","18/08/2015","10/08/2010",1,2010,-0.219562131,"14/04/2011",2011,240,240,"01/01/2017",1,1834,-0.040224134,3
"54",2035,-0.063338501,"07/06/2012","641","07/03/2014","04/06/2012",1,2012,-0.061023081,"07/03/2013",2013,273,273,"01/01/2017",1,641,0.00231542000000001,3
"55",2041,-0.082543534,"25/11/2010","1033","18/09/2013","20/11/2010",1,2010,-0.163197417,"23/03/2012",2012,484,484,"01/01/2017",1,1033,-0.080653883,2
"56",2042,-0.113499745,"02/04/2010","2045","03/11/2015","29/03/2010",1,2010,-0.248131549,"14/04/2011",2011,377,377,"01/01/2017",1,2045,-0.134631804,2
"57",2093,0.0706049,"02/04/2009","NULL","NULL","19/03/2009",1,2009,0.009825862,"16/03/2010",2010,348,348,"01/01/2017",0,2845,-0.060779038,2
"58",2187,-0.178420916,"01/03/2012","904","14/08/2014","22/02/2012",1,2012,-0.198140406,"07/03/2013",2013,371,371,"01/01/2017",1,904,-0.01971949,3
"59",2210,0.252765697,"21/12/2010","1693","06/08/2015","17/12/2010",1,2010,0.133276779,"23/03/2012",2012,458,458,"01/01/2017",1,1693,-0.119488918,2
"60",2269,0.129771174,"03/11/2008","2823","22/07/2016","29/10/2008",1,2008,0.210695749,"16/03/2010",2010,498,498,"01/01/2017",1,2823,0.080924575,3
"61",2281,-0.038201069,"21/01/2011","1671","06/08/2015","08/01/2011",1,2011,-0.054892187,"23/03/2012",2012,427,427,"01/01/2017",1,1671,-0.016691118,3
"62",2298,0.175800959,"20/10/2008","2486","06/08/2015","15/10/2008",1,2008,0.07381441,"16/03/2010",2010,512,512,"01/01/2017",1,2486,-0.101986549,2
"63",2349,0.042139493,"22/03/2011","NULL","NULL","14/03/2011",1,2011,-0.13333689,"23/03/2012",2012,367,367,"01/01/2017",0,2120,-0.175476383,2
"64",2380,0.070651889,"29/06/2009","658","13/04/2011","24/06/2009",1,2009,-0.014506304,"16/03/2010",2010,260,260,"01/01/2017",1,658,-0.085158193,2
"65",2409,0.073872518,"26/11/2008","1633","03/05/2013","12/11/2008",1,2008,-0.005535383,"16/03/2010",2010,475,475,"01/01/2017",1,1633,-0.079407901,2
"66",2421,0.032883787,"12/01/2009","1373","04/10/2012","31/12/2008",1,2009,-0.017843189,"16/03/2010",2010,428,428,"01/01/2017",1,1373,-0.050726976,2
"67",2431,0.136890352,"14/12/2009","1627","24/05/2014","09/12/2009",1,2009,0.030687492,"30/03/2011",2011,471,471,"01/01/2017",1,1627,-0.10620286,2
"68",2445,0.179101028,"17/08/2010","1609","08/01/2015","13/08/2010",1,2010,0.235716238,"14/04/2011",2011,240,240,"01/01/2017",1,1609,0.05661521,3
"69",2500,0.202698647,"13/04/2012","1588","17/08/2016","12/04/2012",1,2012,-0.103671427,"07/03/2013",2013,328,328,"01/01/2017",1,1588,-0.306370074,1
"70",2530,0.071686712,"13/01/2010","2140","20/11/2015","10/01/2010",1,2010,0.104228291,"14/04/2011",2011,456,456,"01/01/2017",1,2140,0.032541579,3
"71",2548,0.133017578,"11/06/2009","2155","01/05/2015","06/06/2009",1,2009,0.304953515,"16/03/2010",2010,278,278,"01/01/2017",1,2155,0.171935937,3
"72",2559,0.241108626,"02/12/2010","2086","11/08/2016","25/11/2010",1,2010,-0.030461253,"23/03/2012",2012,477,477,"01/01/2017",1,2086,-0.271569879,1
"73",2661,0.134795256,"15/07/2011","NULL","NULL","09/07/2011",1,2011,-0.021624217,"23/03/2012",2012,252,252,"01/01/2017",0,2003,-0.156419473,2
"74",2680,-0.065895155,"03/11/2011","1186","30/01/2015","01/11/2011",1,2011,-0.007937534,"07/03/2013",2013,490,490,"01/01/2017",1,1186,0.057957621,3
"75",2741,0.171293834,"27/06/2011","NULL","NULL","20/06/2011",1,2011,-0.100412402,"23/03/2012",2012,270,270,"01/01/2017",0,2022,-0.271706236,1
"76",2874,-0.055593572,"08/03/2010","1128","04/04/2013","03/03/2010",1,2010,-0.049260841,"14/04/2011",2011,402,402,"01/01/2017",1,1128,0.006332731,3
"77",2880,-0.143495717,"29/10/2010","1914","20/01/2016","24/10/2010",1,2010,-0.003220597,"23/03/2012",2012,511,511,"01/01/2017",1,1914,0.14027512,3
"78",2929,0.290650052,"15/10/2010","906","04/04/2013","11/10/2010",1,2010,-0.025097669,"23/03/2012",2012,525,525,"01/01/2017",1,906,-0.315747721,1
"79",2947,-0.146952009,"13/06/2011","1142","17/07/2014","01/06/2011",1,2011,0.005406831,"23/03/2012",2012,284,284,"01/01/2017",1,1142,0.15235884,3
"80",3006,0.10553701,"05/11/2010","1479","16/11/2014","29/10/2010",1,2010,0.096684615,"23/03/2012",2012,504,504,"01/01/2017",1,1479,-0.008852395,3
"81",3007,-0.001480801,"02/04/2009","1069","23/02/2012","21/03/2009",1,2009,0.093088024,"16/03/2010",2010,348,348,"01/01/2017",1,1069,0.094568825,3
"82",3034,0.126698255,"21/09/2010","948","22/04/2013","17/09/2010",1,2010,-0.142594823,"14/04/2011",2011,205,205,"01/01/2017",1,948,-0.269293078,1
"83",3037,-0.007042676,"09/07/2010","NULL","NULL","04/07/2010",1,2010,0.05769135,"14/04/2011",2011,279,279,"01/01/2017",0,2373,0.064734026,3
"84",3062,0.076386253,"29/04/2010","1999","15/10/2015","25/04/2010",1,2010,-0.281545277,"14/04/2011",2011,350,350,"01/01/2017",1,1999,-0.35793153,1
"85",3131,-0.074621324,"09/07/2010","2325","16/11/2016","06/07/2010",1,2010,-0.270837544,"14/04/2011",2011,279,279,"01/01/2017",1,2325,-0.19621622,1
"86",3230,0.130960138,"19/05/2009","760","09/06/2011","10/05/2009",1,2009,-0.131755321,"16/03/2010",2010,301,301,"01/01/2017",1,760,-0.262715459,1
"87",3254,0.154209311,"25/11/2010","NULL","NULL","20/11/2010",1,2010,-0.212591545,"23/03/2012",2012,484,484,"01/01/2017",0,2234,-0.366800856,1
"88",3278,-0.045295004,"16/08/2011","NULL","NULL","10/08/2011",1,2011,0.167290812,"23/03/2012",2012,220,220,"01/01/2017",0,1971,0.212585816,3
"89",3386,0.169342186,"06/11/2009","1638","20/04/2014","25/10/2009",1,2009,0.032572111,"30/03/2011",2011,509,509,"01/01/2017",1,1638,-0.136770075,2
"90",3524,0.135858774,"16/02/2010","535","01/08/2011","12/02/2010",1,2010,-0.089073638,"14/04/2011",2011,422,422,"01/01/2017",1,535,-0.224932412,1
"91",3533,-0.14683372,"21/08/2012","731","14/08/2014","13/08/2012",1,2012,-0.405257902,"07/03/2013",2013,198,198,"01/01/2017",1,731,-0.258424182,1
"92",3609,-0.146229748,"20/04/2011","1975","07/09/2016","12/04/2011",1,2011,-0.134624499,"23/03/2012",2012,338,338,"01/01/2017",1,1975,0.011605249,3
"93",3610,0.017629261,"04/06/2010","1468","06/06/2014","30/05/2010",1,2010,0.062859742,"14/04/2011",2011,314,314,"01/01/2017",1,1468,0.045230481,3
"94",3661,0.267514335,"31/08/2009","2177","11/08/2015","25/08/2009",1,2009,0.317252014,"16/03/2010",2010,197,197,"01/01/2017",1,2177,0.049737679,3
"95",3735,0.277190484,"08/07/2011","1565","15/10/2015","03/07/2011",1,2011,0.146632837,"23/03/2012",2012,259,259,"01/01/2017",1,1565,-0.130557647,2
"96",3795,0.175474379,"29/10/2010","2018","05/05/2016","26/10/2010",1,2010,-0.041478396,"23/03/2012",2012,511,511,"01/01/2017",1,2018,-0.216952775,1
"97",3926,0.195296628,"25/09/2008","2766","15/04/2016","18/09/2008",1,2008,0.075074996,"16/03/2010",2010,537,537,"01/01/2017",1,2766,-0.120221632,2
"98",3927,0.542155426,"18/12/2009","1615","16/05/2014","13/12/2009",1,2009,0.228350647,"14/04/2011",2011,482,482,"01/01/2017",1,1615,-0.313804779,1
"99",3965,0.17513999,"07/09/2010","NULL","NULL","03/09/2010",1,2010,0.174820589,"14/04/2011",2011,219,219,"01/01/2017",0,2312,-0.000319400999999997,3
"100",3987,0.068706075,"16/01/2012","944","14/08/2014","13/01/2012",1,2012,-0.138115057,"07/03/2013",2013,416,416,"01/01/2017",1,944,-0.206821132,1
"101",4022,0.086755896,"08/07/2011","840","14/10/2013","27/06/2011",1,2011,-0.022071167,"23/03/2012",2012,259,259,"01/01/2017",1,840,-0.108827063,2
"102",4028,0.063831456,"23/07/2009","2235","31/08/2015","18/07/2009",1,2009,-0.298986719,"16/03/2010",2010,236,236,"01/01/2017",1,2235,-0.362818175,1
"103",4091,0.288369677,"17/11/2009","925","27/05/2012","14/11/2009",1,2009,0.045964147,"28/03/2011",2011,496,496,"01/01/2017",1,925,-0.24240553,1
"104",4100,-0.046352903,"01/03/2012","636","21/11/2013","24/02/2012",1,2012,-0.15583646,"07/03/2013",2013,371,371,"01/01/2017",1,636,-0.109483557,2
"105",4102,0.049985617,"09/04/2009","2375","04/10/2015","03/04/2009",1,2009,-0.033333451,"16/03/2010",2010,341,341,"01/01/2017",1,2375,-0.083319068,2
"106",4118,-0.157456944,"06/12/2011","721","21/11/2013","01/12/2011",1,2011,-0.042149313,"07/03/2013",2013,457,457,"01/01/2017",1,721,0.115307631,3
"107",4133,0.07965961,"04/10/2010","982","06/06/2013","28/09/2010",1,2010,-0.108958833,"14/04/2011",2011,192,192,"01/01/2017",1,982,-0.188618443,2
"108",4133,0.07965961,"04/10/2010","982","06/06/2013","28/09/2010",1,2010,0.141853983,"23/03/2012",2012,536,536,"01/01/2017",1,982,0.062194373,3
"109",4146,0.17466775,"08/06/2009","2627","11/08/2016","02/06/2009",1,2009,0.182773213,"16/03/2010",2010,281,281,"01/01/2017",1,2627,0.00810546299999998,3
"110",4159,0.164932865,"10/02/2010","1516","03/04/2014","07/02/2010",1,2010,-0.020935349,"14/04/2011",2011,428,428,"01/01/2017",1,1516,-0.185868214,2
"111",4287,0.050779114,"27/06/2011","1573","09/10/2015","19/06/2011",1,2011,0.015148884,"23/03/2012",2012,270,270,"01/01/2017",1,1573,-0.03563023,3
"112",4391,-0.198661654,"28/11/2008","2822","17/08/2016","25/11/2008",1,2008,-0.129153212,"16/03/2010",2010,473,473,"01/01/2017",1,2822,0.069508442,3
"113",4407,0.269769855,"29/06/2009","1766","25/04/2014","24/06/2009",1,2009,-0.198333198,"16/03/2010",2010,260,260,"01/01/2017",1,1766,-0.468103053,1
"114",4430,0.034081879,"21/01/2011","1222","16/05/2014","10/01/2011",1,2011,0.307292377,"23/03/2012",2012,427,427,"01/01/2017",1,1222,0.273210498,3
"115",4440,0.089884339,"30/05/2011","1790","15/04/2016","22/05/2011",1,2011,0.257948074,"23/03/2012",2012,298,298,"01/01/2017",1,1790,0.168063735,3
"116",4529,-0.01317869,"22/02/2011","1283","23/08/2014","17/02/2011",1,2011,-0.22926922,"23/03/2012",2012,395,395,"01/01/2017",1,1283,-0.21609053,1
"117",4607,-0.102019797,"27/04/2011","2067","14/12/2016","18/04/2011",1,2011,-0.296865435,"23/03/2012",2012,331,331,"01/01/2017",1,2067,-0.194845638,1
"118",4609,-0.127905279,"13/06/2011","735","06/06/2013","02/06/2011",1,2011,-0.088326921,"23/03/2012",2012,284,284,"01/01/2017",1,735,0.039578358,3
"119",4662,-0.050468696,"06/08/2012","749","14/08/2014","26/07/2012",1,2012,-0.214648385,"07/03/2013",2013,213,213,"01/01/2017",1,749,-0.164179689,2
"120",4663,-0.106728569,"22/03/2011","1158","16/05/2014","15/03/2011",1,2011,0.023637991,"23/03/2012",2012,367,367,"01/01/2017",1,1158,0.13036656,3
"121",4718,0.156128102,"15/03/2010","1848","02/04/2015","11/03/2010",1,2010,0.002835602,"14/04/2011",2011,395,395,"01/01/2017",1,1848,-0.1532925,2
"122",4755,-0.037101639,"17/09/2010","NULL","NULL","09/09/2010",1,2010,-0.132479486,"14/04/2011",2011,209,209,"01/01/2017",0,2306,-0.095377847,2
"123",4893,0.207108999,"08/05/2009","1624","14/10/2013","04/05/2009",1,2009,0.155798236,"16/03/2010",2010,312,312,"01/01/2017",1,1624,-0.051310763,2
"124",4924,0.019638562,"04/10/2010","923","04/04/2013","24/09/2010",1,2010,-0.146361457,"14/04/2011",2011,192,192,"01/01/2017",1,923,-0.166000019,2
"125",4924,0.019638562,"04/10/2010","923","04/04/2013","24/09/2010",1,2010,-0.285109209,"23/03/2012",2012,536,536,"01/01/2017",1,923,-0.304747771,1
"126",4925,-0.085265699,"04/03/2011","928","06/09/2013","21/02/2011",1,2011,-0.265700658,"23/03/2012",2012,385,385,"01/01/2017",1,928,-0.180434959,2
"127",4957,-0.022725734,"16/12/2008","1515","05/02/2013","13/12/2008",1,2008,-0.075440568,"16/03/2010",2010,455,455,"01/01/2017",1,1515,-0.052714834,2
"128",4967,0.035997887,"27/06/2012","NULL","NULL","23/06/2012",1,2012,0.256961181,"07/03/2013",2013,253,253,"01/01/2017",0,1653,0.220963294,3
"129",5003,0.235656523,"18/10/2009","1417","29/08/2013","12/10/2009",1,2009,-0.013237949,"29/03/2011",2011,527,527,"01/01/2017",1,1417,-0.248894472,1
"130",5050,0.290908396,"08/01/2010","NULL","NULL","31/12/2009",1,2010,0.038262975,"30/03/2011",2011,446,446,"01/01/2017",0,2558,-0.252645421,1
"131",5126,0.180177318,"12/03/2012","628","21/11/2013","03/03/2012",1,2012,0.021635494,"07/03/2013",2013,360,360,"01/01/2017",1,628,-0.158541824,2
"132",5207,0.128079809,"22/03/2011","1604","06/08/2015","16/03/2011",1,2011,0.024364715,"23/03/2012",2012,367,367,"01/01/2017",1,1604,-0.103715094,2
"133",5298,0.383297557,"08/01/2010","2041","06/08/2015","03/01/2010",1,2010,-0.02868024,"28/03/2011",2011,444,444,"01/01/2017",1,2041,-0.411977797,1
"134",5315,0.228225845,"22/12/2008","2285","25/03/2015","21/12/2008",1,2008,-0.026458321,"16/03/2010",2010,449,449,"01/01/2017",1,2285,-0.254684166,1
"135",5330,-0.157866796,"25/08/2010","NULL","NULL","16/08/2010",2,2010,-0.076328436,"14/04/2011",2011,232,232,"01/01/2017",0,2330,0.08153836,3
"136",5330,-0.228332723,"17/08/2010","NULL","NULL","16/08/2010",1,2010,-0.076328436,"14/04/2011",2011,240,240,"01/01/2017",0,2330,0.152004287,3
"137",5338,0.075200261,"18/12/2009","1776","26/10/2014","15/12/2009",1,2009,0.093353563,"30/03/2011",2011,467,467,"01/01/2017",1,1776,0.018153302,3
"138",5501,0.323184644,"03/12/2009","1610","25/04/2014","27/11/2009",1,2009,0.13934555,"30/03/2011",2011,482,482,"01/01/2017",1,1610,-0.183839094,2
"139",5552,0.175628407,"13/04/2010","NULL","NULL","10/04/2010",1,2010,-0.008898837,"14/04/2011",2011,366,366,"01/01/2017",0,2458,-0.184527244,2
"140",5568,0.046843008,"16/09/2011","958","25/04/2014","10/09/2011",1,2011,-0.264130393,"07/03/2013",2013,538,538,"01/01/2017",1,958,-0.310973401,1
"141",5654,-0.005324611,"16/02/2010","1532","25/04/2014","13/02/2010",1,2010,-0.083109676,"14/04/2011",2011,422,422,"01/01/2017",1,1532,-0.077785065,2
"142",5672,0.099454389,"05/07/2012","501","15/11/2013","02/07/2012",1,2012,0.004546796,"07/03/2013",2013,245,245,"01/01/2017",1,501,-0.094907593,2
"143",5709,-0.056742878,"16/07/2009","NULL","NULL","08/07/2009",1,2009,-0.162547971,"16/03/2010",2010,243,243,"01/01/2017",0,2734,-0.105805093,2
"144",5742,0.180421543,"14/12/2009","2437","11/08/2016","09/12/2009",1,2009,0.172639622,"28/03/2011",2011,469,469,"01/01/2017",1,2437,-0.007781921,3
"145",5746,0.299188049,"05/04/2011","NULL","NULL","25/03/2011",1,2011,0.044144525,"23/03/2012",2012,353,353,"01/01/2017",0,2109,-0.255043524,1
"146",5751,0.173312236,"15/10/2010","NULL","NULL","11/10/2010",1,2010,0.062414814,"23/03/2012",2012,525,525,"01/01/2017",0,2274,-0.110897422,2
"147",5756,-0.070648461,"26/02/2010","1209","14/06/2013","21/02/2010",1,2010,-0.029159731,"14/04/2011",2011,412,412,"01/01/2017",1,1209,0.04148873,3
"148",5792,0.3111825,"21/07/2011","1384","01/05/2015","17/07/2011",1,2011,-0.146096835,"23/03/2012",2012,246,246,"01/01/2017",1,1384,-0.457279335,1
"149",5894,0.071163074,"08/05/2009","1341","05/01/2013","05/05/2009",1,2009,-0.041107227,"16/03/2010",2010,312,312,"01/01/2017",1,1341,-0.112270301,2
"150",5939,-0.261943837,"05/08/2010","1263","14/01/2014","31/07/2010",1,2010,-0.380498011,"14/04/2011",2011,252,252,"01/01/2017",1,1263,-0.118554174,2
"151",6029,-0.044189703,"21/07/2011","NULL","NULL","16/07/2011",1,2011,-0.212900493,"23/03/2012",2012,246,246,"01/01/2017",0,1996,-0.16871079,2
"152",6101,0.159025799,"12/11/2010","909","01/05/2013","04/11/2010",1,2010,0.077022958,"23/03/2012",2012,497,497,"01/01/2017",1,909,-0.082002841,2
"153",6118,0.471620438,"17/11/2009","NULL","NULL","13/11/2009",1,2009,0.105988803,"28/03/2011",2011,496,496,"01/01/2017",0,2606,-0.365631635,1
"154",6123,-0.031044753,"22/02/2011","NULL","NULL","14/02/2011",1,2011,-0.303740287,"23/03/2012",2012,395,395,"01/01/2017",0,2148,-0.272695534,1
"155",6128,0.358338815,"30/05/2011","2001","16/11/2016","26/05/2011",1,2011,-0.004868021,"23/03/2012",2012,298,298,"01/01/2017",1,2001,-0.363206836,1
"156",6131,0.173831942,"03/12/2009","1371","29/08/2013","27/11/2009",1,2009,-0.03367832,"28/03/2011",2011,480,480,"01/01/2017",1,1371,-0.207510262,1
"157",6140,-0.064479893,"02/08/2010","1045","06/06/2013","27/07/2010",1,2010,-0.26540509,"14/04/2011",2011,255,255,"01/01/2017",1,1045,-0.200925197,1
"158",6203,0.058730524,"05/04/2011","1960","11/08/2016","31/03/2011",1,2011,-0.032523067,"23/03/2012",2012,353,353,"01/01/2017",1,1960,-0.091253591,2
"159",6236,0.201480164,"25/09/2008","2583","15/10/2015","18/09/2008",1,2008,-0.076417462,"16/03/2010",2010,537,537,"01/01/2017",1,2583,-0.277897626,1
"160",6365,0.127308284,"09/02/2009","2623","15/04/2016","08/02/2009",1,2009,0.05342666,"16/03/2010",2010,400,400,"01/01/2017",1,2623,-0.073881624,2
"161",6389,0.461098633,"26/01/2009","1940","16/05/2014","22/01/2009",1,2009,0.137194897,"16/03/2010",2010,414,414,"01/01/2017",1,1940,-0.323903736,1
"162",6431,0.096484839,"01/06/2009","2060","16/01/2015","27/05/2009",1,2009,0.091669494,"16/03/2010",2010,288,288,"01/01/2017",1,2060,-0.004815345,3
"163",6436,0.06920794,"02/08/2010","1094","25/07/2013","27/07/2010",1,2010,-0.04584184,"14/04/2011",2011,255,255,"01/01/2017",1,1094,-0.11504978,2
"164",6447,0.21090433,"16/07/2009","724","05/07/2011","11/07/2009",1,2009,0.016303272,"16/03/2010",2010,243,243,"01/01/2017",1,724,-0.194601058,1
"165",6535,0.119357805,"27/04/2011","1567","06/08/2015","22/04/2011",1,2011,-0.096464567,"23/03/2012",2012,331,331,"01/01/2017",1,1567,-0.215822372,1
"166",6546,0.317395041,"03/12/2009","750","19/12/2011","29/11/2009",1,2009,-0.086993116,"14/04/2011",2011,497,497,"01/01/2017",1,750,-0.404388157,1
"167",6585,-0.310769117,"12/01/2009","1701","30/08/2013","02/01/2009",1,2009,-0.192844711,"16/03/2010",2010,428,428,"01/01/2017",1,1701,0.117924406,3
"168",6626,-0.126463976,"10/07/2012","495","15/11/2013","08/07/2012",1,2012,-0.111963155,"07/03/2013",2013,240,240,"01/01/2017",1,495,0.014500821,3
"169",6696,-0.02087567,"21/04/2009","1381","24/01/2013","14/04/2009",1,2009,-0.064373538,"16/03/2010",2010,329,329,"01/01/2017",1,1381,-0.043497868,3
"170",6747,-0.124163605,"03/08/2012","830","04/11/2014","27/07/2012",1,2012,-0.182289123,"07/03/2013",2013,216,216,"01/01/2017",1,830,-0.058125518,2
"171",6776,0.064690806,"27/06/2011","NULL","NULL","24/06/2011",1,2011,-0.253766065,"23/03/2012",2012,270,270,"01/01/2017",0,2018,-0.318456871,1
"172",6784,0.044072392,"04/03/2011","NULL","NULL","22/02/2011",1,2011,0.140522373,"23/03/2012",2012,385,385,"01/01/2017",0,2140,0.096449981,3
"173",6815,0.174544785,"22/02/2009","2146","08/01/2015","22/02/2009",1,2009,0.129461665,"16/03/2010",2010,387,387,"01/01/2017",1,2146,-0.04508312,3
"174",6873,0.208021832,"10/03/2009","1006","08/12/2011","07/03/2009",1,2009,0.161274745,"16/03/2010",2010,371,371,"01/01/2017",1,1006,-0.046747087,2
"175",6894,0.177617013,"13/01/2010","1937","01/05/2015","10/01/2010",1,2010,-0.022598438,"14/04/2011",2011,456,456,"01/01/2017",1,1937,-0.200215451,1
"176",6927,0.113402129,"05/04/2011","NULL","NULL","24/03/2011",1,2011,0.173574534,"23/03/2012",2012,353,353,"01/01/2017",0,2110,0.060172405,3
"177",6944,-0.047402088,"02/07/2010","2192","29/06/2016","29/06/2010",1,2010,-0.191335179,"14/04/2011",2011,286,286,"01/01/2017",1,2192,-0.143933091,2
"178",6951,0.028393514,"05/04/2010","1855","01/05/2015","02/04/2010",1,2010,-0.027435292,"14/04/2011",2011,374,374,"01/01/2017",1,1855,-0.055828806,2
"179",6951,0.186507155,"08/04/2010","1855","01/05/2015","02/04/2010",2,2010,-0.027435292,"14/04/2011",2011,371,371,"01/01/2017",1,1855,-0.213942447,1
"180",6951,0.063310103,"19/05/2010","1855","01/05/2015","02/04/2010",3,2010,-0.027435292,"14/04/2011",2011,330,330,"01/01/2017",1,1855,-0.090745395,2
"181",6957,0.17237866,"24/05/2010","NULL","NULL","20/05/2010",1,2010,0.21406844,"14/04/2011",2011,325,325,"01/01/2017",0,2418,0.04168978,3
"182",7002,-0.086366799,"09/02/2009","2476","20/11/2015","08/02/2009",1,2009,-0.088321646,"16/03/2010",2010,400,400,"01/01/2017",1,2476,-0.00195484700000001,3
"183",7027,-0.051502484,"03/03/2009","2077","04/11/2014","26/02/2009",1,2009,-0.060648062,"16/03/2010",2010,378,378,"01/01/2017",1,2077,-0.009145578,3
"184",7060,0.404217421,"23/12/2009","1364","13/09/2013","19/12/2009",1,2009,-0.005564577,"28/03/2011",2011,460,460,"01/01/2017",1,1364,-0.409781998,1
"185",7062,0.248323315,"22/03/2011","1927","23/06/2016","15/03/2011",1,2011,0.075950717,"23/03/2012",2012,367,367,"01/01/2017",1,1927,-0.172372598,2
"186",7120,0.147793482,"20/02/2009","1978","17/07/2014","15/02/2009",1,2009,0.181289547,"16/03/2010",2010,389,389,"01/01/2017",1,1978,0.033496065,3
"187",7224,-0.012704124,"01/02/2010","1551","26/04/2014","26/01/2010",1,2010,-0.034217131,"14/04/2011",2011,437,437,"01/01/2017",1,1551,-0.021513007,3
"188",7232,0.004874115,"21/01/2011","1575","01/05/2015","07/01/2011",1,2011,-0.211498184,"23/03/2012",2012,427,427,"01/01/2017",1,1575,-0.216372299,1
"189",7239,0.067033349,"08/06/2009","2510","15/04/2016","01/06/2009",1,2009,0.135058827,"16/03/2010",2010,281,281,"01/01/2017",1,2510,0.068025478,3
"190",7286,-0.122299636,"01/08/2011","NULL","NULL","23/07/2011",1,2011,-0.165961383,"23/03/2012",2012,235,235,"01/01/2017",0,1989,-0.043661747,3
"191",7358,0.027916039,"17/05/2011","699","05/04/2013","07/05/2011",1,2011,-0.239260657,"23/03/2012",2012,311,311,"01/01/2017",1,699,-0.267176696,1
"192",7441,0.102201362,"17/11/2009","1815","03/11/2014","14/11/2009",1,2009,0.048988906,"14/04/2011",2011,513,513,"01/01/2017",1,1815,-0.053212456,2
"193",7445,-0.018540856,"06/05/2010","NULL","NULL","29/04/2010",1,2010,-0.1055282,"14/04/2011",2011,343,343,"01/01/2017",0,2439,-0.086987344,2
"194",7487,0.32261167,"09/11/2009","775","19/12/2011","04/11/2009",1,2009,0.156406935,"28/03/2011",2011,504,504,"01/01/2017",1,775,-0.166204735,2
"195",7522,0.327387679,"29/10/2010","NULL","NULL","24/10/2010",1,2010,0.220903474,"23/03/2012",2012,511,511,"01/01/2017",0,2261,-0.106484205,2
"196",7526,0.274662219,"18/01/2010","1177","04/04/2013","13/01/2010",1,2010,-0.019819642,"14/04/2011",2011,451,451,"01/01/2017",1,1177,-0.294481861,1
"197",7543,-0.199799524,"22/02/2009","2090","09/11/2014","18/02/2009",1,2009,-0.201553199,"16/03/2010",2010,387,387,"01/01/2017",1,2090,-0.00175367499999998,3
"198",7544,0.090529957,"09/01/2009","895","09/06/2011","26/12/2008",1,2009,0.085935541,"16/03/2010",2010,431,431,"01/01/2017",1,895,-0.00459441599999999,3
"199",7578,0.229653379,"21/01/2011","1758","04/11/2015","11/01/2011",1,2011,-0.14281464,"23/03/2012",2012,427,427,"01/01/2017",1,1758,-0.372468019,1
"200",7588,0.097572233,"02/07/2010","1612","25/11/2014","27/06/2010",1,2010,0.113111907,"14/04/2011",2011,286,286,"01/01/2017",1,1612,0.015539674,3
"201",7602,0.564070415,"19/08/2009","2067","08/04/2015","10/08/2009",1,2009,-0.107026198,"16/03/2010",2010,209,209,"01/01/2017",1,2067,-0.671096613,1
"202",7626,-0.071944873,"20/10/2008","1825","14/10/2013","15/10/2008",1,2008,-0.141760873,"16/03/2010",2010,512,512,"01/01/2017",1,1825,-0.069816,2
"203",7637,0.21617284,"22/02/2009","1195","27/05/2012","17/02/2009",1,2009,-0.047059739,"16/03/2010",2010,387,387,"01/01/2017",1,1195,-0.263232579,1
"204",7645,-0.003265614,"13/07/2009","NULL","NULL","04/07/2009",1,2009,0.119017197,"16/03/2010",2010,246,246,"01/01/2017",0,2738,0.122282811,3
"205",7674,0.035692427,"17/06/2009","1127","16/07/2012","15/06/2009",1,2009,-0.15983227,"16/03/2010",2010,272,272,"01/01/2017",1,1127,-0.195524697,1
"206",7765,0.023901789,"05/10/2012","383","21/10/2013","03/10/2012",1,2012,-0.100325874,"20/10/2013",2013,380,380,"01/01/2017",1,383,-0.124227663,2
"207",7816,0.046324106,"10/09/2009","NULL","NULL","02/09/2009",1,2009,-0.171577216,"16/03/2010",2010,187,187,"01/01/2017",0,2678,-0.217901322,1
"208",7822,0.329274304,"26/02/2010","1608","17/07/2014","20/02/2010",1,2010,0.106764655,"14/04/2011",2011,412,412,"01/01/2017",1,1608,-0.222509649,1
"209",7832,0.06564264,"13/04/2012","867","14/08/2014","30/03/2012",1,2012,-0.085379965,"07/03/2013",2013,328,328,"01/01/2017",1,867,-0.151022605,2
"210",7854,0.265661533,"18/12/2009","1750","30/09/2014","15/12/2009",1,2009,0.125537972,"14/04/2011",2011,482,482,"01/01/2017",1,1750,-0.140123561,2
"211",7868,0.0100272,"28/06/2010","NULL","NULL","22/06/2010",1,2010,-0.07883966,"14/04/2011",2011,290,290,"01/01/2017",0,2385,-0.08886686,2
"212",7870,-0.076349172,"16/08/2011","1785","29/06/2016","10/08/2011",1,2011,-0.083291103,"23/03/2012",2012,220,220,"01/01/2017",1,1785,-0.006941931,3
"213",7908,0.083518657,"09/04/2009","2767","01/11/2016","05/04/2009",1,2009,-0.053396858,"16/03/2010",2010,341,341,"01/01/2017",1,2767,-0.136915515,2
"214",7982,0.475991896,"13/02/2013","330","08/01/2014","12/02/2013",1,2013,0.041269689,"03/04/2014",2014,414,414,"01/01/2017",1,330,-0.434722207,1
"215",8017,-0.098054254,"07/09/2010","NULL","NULL","04/09/2010",1,2010,-0.172451293,"14/04/2011",2011,219,219,"01/01/2017",0,2311,-0.074397039,2
"216",8142,0.058142945,"16/01/2012","1205","01/05/2015","12/01/2012",1,2012,-0.180476748,"07/03/2013",2013,416,416,"01/01/2017",1,1205,-0.238619693,1
"217",8204,0.110099956,"19/05/2010","2079","20/01/2016","12/05/2010",1,2010,0.019920904,"14/04/2011",2011,330,330,"01/01/2017",1,2079,-0.090179052,2
"218",8269,0.535735103,"21/10/2011","995","10/07/2014","19/10/2011",1,2011,0.42712725,"07/03/2013",2013,503,503,"01/01/2017",1,995,-0.108607853,2
"219",8287,0.094863565,"31/08/2009","2541","11/08/2016","27/08/2009",1,2009,0.118753316,"16/03/2010",2010,197,197,"01/01/2017",1,2541,0.023889751,3
"220",8321,0.008514944,"18/01/2010","NULL","NULL","13/01/2010",1,2010,-0.086540919,"14/04/2011",2011,451,451,"01/01/2017",0,2545,-0.095055863,2
"221",8328,0.020056155,"10/02/2010","NULL","NULL","06/02/2010",1,2010,0.019626133,"14/04/2011",2011,428,428,"01/01/2017",0,2521,-0.000430021999999999,3
"222",8332,0.128979785,"17/12/2010","1786","03/11/2015","13/12/2010",1,2010,-0.024468161,"23/03/2012",2012,462,462,"01/01/2017",1,1786,-0.153447946,2
"223",8345,-0.026792949,"14/05/2010","1557","14/08/2014","10/05/2010",1,2010,-0.207888457,"14/04/2011",2011,335,335,"01/01/2017",1,1557,-0.181095508,2
"224",8421,0.28727571,"23/12/2009","1483","10/01/2014","19/12/2009",1,2009,0.059125911,"30/03/2011",2011,462,462,"01/01/2017",1,1483,-0.228149799,1
"225",8439,-0.17062158,"16/10/2008","2579","05/11/2015","13/10/2008",1,2008,-0.131303431,"16/03/2010",2010,516,516,"01/01/2017",1,2579,0.039318149,3
"226",8447,0.000750386,"13/07/2009","1193","04/10/2012","29/06/2009",1,2009,-0.136555395,"16/03/2010",2010,246,246,"01/01/2017",1,1193,-0.137305781,2
"227",8455,-0.230252324,"21/09/2010","2035","15/04/2016","19/09/2010",1,2010,-0.430891479,"14/04/2011",2011,205,205,"01/01/2017",1,2035,-0.200639155,1
"228",8481,0.036245336,"18/01/2010","NULL","NULL","12/01/2010",1,2010,-0.183509242,"14/04/2011",2011,451,451,"01/01/2017",0,2546,-0.219754578,1
"229",8514,-0.060167496,"05/11/2010","NULL","NULL","31/10/2010",1,2010,0.040516789,"23/03/2012",2012,504,504,"01/01/2017",0,2254,0.100684285,3
"230",8556,-0.058949288,"04/10/2010","1633","17/03/2015","26/09/2010",1,2010,-0.079519289,"14/04/2011",2011,192,192,"01/01/2017",1,1633,-0.020570001,3
"231",8556,-0.058949288,"04/10/2010","1633","17/03/2015","26/09/2010",1,2010,-0.017718461,"23/03/2012",2012,536,536,"01/01/2017",1,1633,0.041230827,3
"232",8584,-0.164123215,"31/08/2009","2333","08/01/2016","19/08/2009",1,2009,0.066867712,"16/03/2010",2010,197,197,"01/01/2017",1,2333,0.230990927,3
"233",8617,0.012526768,"08/12/2009","1597","18/04/2014","03/12/2009",1,2009,0.135641615,"30/03/2011",2011,477,477,"01/01/2017",1,1597,0.123114847,3
"234",8649,-0.04874501,"15/07/2011","1280","08/01/2015","08/07/2011",1,2011,0.067643252,"23/03/2012",2012,252,252,"01/01/2017",1,1280,0.116388262,3
"235",8652,0.289556068,"23/01/2009","2113","04/11/2014","21/01/2009",1,2009,-0.086971559,"16/03/2010",2010,417,417,"01/01/2017",1,2113,-0.376527627,1
"236",8707,-0.047934056,"02/08/2010","NULL","NULL","27/07/2010",1,2010,-0.178236233,"14/04/2011",2011,255,255,"01/01/2017",0,2350,-0.130302177,2
"237",8716,0.112629152,"18/01/2010","2452","03/10/2016","16/01/2010",1,2010,-0.041186291,"14/04/2011",2011,451,451,"01/01/2017",1,2452,-0.153815443,2
"238",8727,0.015936232,"27/04/2011","1661","05/11/2015","19/04/2011",1,2011,-0.237189128,"23/03/2012",2012,331,331,"01/01/2017",1,1661,-0.25312536,1
"239",8762,0.17568163,"29/04/2010","1992","09/10/2015","26/04/2010",1,2010,0.061356255,"14/04/2011",2011,350,350,"01/01/2017",1,1992,-0.114325375,2
"240",8767,-0.048560905,"22/06/2010","2015","22/12/2015","16/06/2010",1,2010,-0.119541024,"14/04/2011",2011,296,296,"01/01/2017",1,2015,-0.070980119,2
"241",8896,0.24423315,"31/08/2009","2075","01/05/2015","25/08/2009",1,2009,-0.027812072,"16/03/2010",2010,197,197,"01/01/2017",1,2075,-0.272045222,1
"242",8911,-0.04129102,"22/06/2010","NULL","NULL","17/06/2010",1,2010,0.065185161,"14/04/2011",2011,296,296,"01/01/2017",0,2390,0.106476181,3
"243",9002,0.244966624,"22/03/2011","NULL","NULL","13/03/2011",1,2011,-0.102861029,"23/03/2012",2012,367,367,"01/01/2017",0,2121,-0.347827653,1
"244",9029,-0.096663206,"22/02/2009","NULL","NULL","20/02/2009",1,2009,-0.077468127,"16/03/2010",2010,387,387,"01/01/2017",0,2872,0.019195079,3
"245",9126,0.115774401,"15/10/2012","908","02/04/2015","06/10/2012",1,2012,-0.020460606,"03/04/2014",2014,535,535,"01/01/2017",1,908,-0.136235007,2
"246",9151,0.128871328,"20/04/2011","NULL","NULL","15/04/2011",1,2011,-0.18411839,"23/03/2012",2012,338,338,"01/01/2017",0,2088,-0.312989718,1
"247",9220,-0.136014351,"20/04/2011","930","01/11/2013","16/04/2011",1,2011,-0.010840518,"23/03/2012",2012,338,338,"01/01/2017",1,930,0.125173833,3
"248",9268,0.002554484,"05/04/2011","NULL","NULL","31/03/2011",1,2011,0.163814029,"23/03/2012",2012,353,353,"01/01/2017",0,2103,0.161259545,3
"249",9277,0.034025217,"01/08/2011","1902","03/10/2016","20/07/2011",1,2011,0.043016347,"23/03/2012",2012,235,235,"01/01/2017",1,1902,0.00899113,3
"250",9406,0.206546254,"20/04/2011","NULL","NULL","16/04/2011",1,2011,0.044802656,"23/03/2012",2012,338,338,"01/01/2017",0,2087,-0.161743598,2
"251",9447,-0.091045302,"06/01/2011","822","04/04/2013","03/01/2011",1,2011,-0.242383775,"23/03/2012",2012,442,442,"01/01/2017",1,822,-0.151338473,2
"252",9477,-0.154094613,"20/10/2008","2017","25/04/2014","16/10/2008",1,2008,-0.19339262,"16/03/2010",2010,512,512,"01/01/2017",1,2017,-0.039298007,3
"253",9493,0.142760282,"16/08/2011","NULL","NULL","10/08/2011",1,2011,-0.018360627,"23/03/2012",2012,220,220,"01/01/2017",0,1971,-0.161120909,2
"254",9518,0.14806463,"25/08/2010","1345","25/04/2014","19/08/2010",1,2010,-0.24060579,"14/04/2011",2011,232,232,"01/01/2017",1,1345,-0.38867042,1
"255",9528,-0.085247702,"22/03/2011","NULL","NULL","17/03/2011",1,2011,0.12929809,"23/03/2012",2012,367,367,"01/01/2017",0,2117,0.214545792,3
"256",9679,-0.021855064,"30/05/2011","NULL","NULL","24/05/2011",1,2011,0.0658718,"23/03/2012",2012,298,298,"01/01/2017",0,2049,0.087726864,3
"257",9683,0.237799425,"23/01/2009","1766","15/11/2013","14/01/2009",1,2009,-0.045206873,"16/03/2010",2010,417,417,"01/01/2017",1,1766,-0.283006298,1
"258",9746,0.23365459,"01/06/2009","2060","16/01/2015","27/05/2009",1,2009,-0.109561895,"16/03/2010",2010,288,288,"01/01/2017",1,2060,-0.343216485,1
"259",9747,-0.103678266,"03/01/2014","302","28/10/2014","30/12/2013",1,2014,0.080155433,"28/10/2014",2014,298,298,"01/01/2017",1,302,0.183833699,3
"260",9819,0.130498846,"06/11/2009","1657","16/05/2014","01/11/2009",1,2009,0.004831337,"30/03/2011",2011,509,509,"01/01/2017",1,1657,-0.125667509,2
"261",9829,-0.054515217,"05/08/2010","1830","06/08/2015","02/08/2010",1,2010,-0.100398931,"14/04/2011",2011,252,252,"01/01/2017",1,1830,-0.045883714,2
"262",9859,0.270457362,"31/08/2009","2072","01/05/2015","28/08/2009",1,2009,-0.129289876,"16/03/2010",2010,197,197,"01/01/2017",1,2072,-0.399747238,1
"263",9914,-0.091818909,"02/04/2009","805","09/06/2011","26/03/2009",1,2009,-0.18585163,"16/03/2010",2010,348,348,"01/01/2017",1,805,-0.094032721,2
"264",9942,0.222679899,"17/05/2011","919","15/11/2013","11/05/2011",1,2011,0.165733559,"23/03/2012",2012,311,311,"01/01/2017",1,919,-0.05694634,2
"265",10001,0.178816401,"19/08/2009","1715","25/04/2014","14/08/2009",1,2009,0.021403887,"16/03/2010",2010,209,209,"01/01/2017",1,1715,-0.157412514,2
"266",10001,0.383516977,"19/08/2009","1715","25/04/2014","14/08/2009",1,2009,0.021403887,"16/03/2010",2010,209,209,"01/01/2017",1,1715,-0.36211309,1
"267",10010,0.165368615,"22/02/2011","1904","05/05/2016","17/02/2011",1,2011,0.129818231,"23/03/2012",2012,395,395,"01/01/2017",1,1904,-0.035550384,3
"268",10019,0.190850503,"14/04/2009","2166","17/03/2015","11/04/2009",1,2009,-0.153197429,"16/03/2010",2010,336,336,"01/01/2017",1,2166,-0.344047932,1
"269",10048,0.11235458,"05/01/2012","845","18/04/2014","25/12/2011",1,2012,-0.280278646,"07/03/2013",2013,427,427,"01/01/2017",1,845,-0.392633226,1
"270",10120,0.158988681,"22/11/2010","2191","16/11/2016","17/11/2010",1,2010,-0.117060386,"23/03/2012",2012,487,487,"01/01/2017",1,2191,-0.276049067,1
"271",10125,0.029149963,"17/08/2010","1822","11/08/2015","15/08/2010",1,2010,-0.213938881,"14/04/2011",2011,240,240,"01/01/2017",1,1822,-0.243088844,1
"272",10177,0.008120092,"10/12/2010","1793","04/11/2015","07/12/2010",1,2010,-0.097872601,"23/03/2012",2012,469,469,"01/01/2017",1,1793,-0.105992693,2
"273",10183,0.084441731,"26/02/2010","1596","07/07/2014","22/02/2010",1,2010,0.029255536,"14/04/2011",2011,412,412,"01/01/2017",1,1596,-0.055186195,2
"274",10259,0.003287848,"08/06/2009","1786","25/04/2014","04/06/2009",1,2009,-0.186391054,"16/03/2010",2010,281,281,"01/01/2017",1,1786,-0.189678902,1
"275",10284,0.00316882,"08/06/2009","1137","16/07/2012","05/06/2009",1,2009,-0.060896989,"16/03/2010",2010,281,281,"01/01/2017",1,1137,-0.064065809,2
"276",10324,0.204550855,"22/12/2008","888","26/05/2011","19/12/2008",1,2008,-0.129469132,"16/03/2010",2010,449,449,"01/01/2017",1,888,-0.334019987,1
"277",10429,0.102620114,"10/03/2009","1942","27/06/2014","03/03/2009",1,2009,-0.099619532,"16/03/2010",2010,371,371,"01/01/2017",1,1942,-0.202239646,1
"278",10482,-0.159122859,"23/09/2011","798","21/11/2013","15/09/2011",1,2011,0.15620655,"07/03/2013",2013,531,531,"01/01/2017",1,798,0.315329409,3
"279",10533,0.23141533,"19/05/2009","1301","07/12/2012","16/05/2009",1,2009,-0.036426113,"16/03/2010",2010,301,301,"01/01/2017",1,1301,-0.267841443,1
"280",10595,0.049452166,"27/05/2010","476","12/09/2011","24/05/2010",1,2010,-0.159826085,"14/04/2011",2011,322,322,"01/01/2017",1,476,-0.209278251,1
"281",10639,0.23614098,"22/02/2009","NULL","NULL","19/02/2009",1,2009,0.106327,"16/03/2010",2010,387,387,"01/01/2017",0,2873,-0.12981398,2
"282",10651,0.214452156,"12/04/2011","658","24/01/2013","07/04/2011",1,2011,-0.043759693,"23/03/2012",2012,346,346,"01/01/2017",1,658,-0.258211849,1
"283",10654,0.268007148,"14/10/2009","1739","10/07/2014","05/10/2009",1,2009,-0.081507928,"28/03/2011",2011,530,530,"01/01/2017",1,1739,-0.349515076,1
"284",10723,0.249279301,"03/02/2012","1019","16/11/2014","01/02/2012",1,2012,-0.015774097,"07/03/2013",2013,398,398,"01/01/2017",1,1019,-0.265053398,1
"285",10729,0.473626357,"16/12/2008","1436","16/11/2012","11/12/2008",1,2008,0.082551494,"16/03/2010",2010,455,455,"01/01/2017",1,1436,-0.391074863,1
"286",10742,0.380854509,"08/07/2011","1156","01/09/2014","03/07/2011",1,2011,-0.021928271,"23/03/2012",2012,259,259,"01/01/2017",1,1156,-0.40278278,1
"287",10760,-0.004237853,"06/01/2011","NULL","NULL","04/01/2011",1,2011,-0.169835606,"23/03/2012",2012,442,442,"01/01/2017",0,2189,-0.165597753,2
"288",10846,-0.157504949,"20/12/2011","1158","16/02/2015","16/12/2011",1,2011,-0.133375561,"07/03/2013",2013,443,443,"01/01/2017",1,1158,0.024129388,3
"289",10936,-0.022787349,"29/11/2011","727","21/11/2013","25/11/2011",1,2011,-0.053612706,"07/03/2013",2013,464,464,"01/01/2017",1,727,-0.030825357,3
"290",10952,0.074769247,"19/08/2009","2567","17/08/2016","07/08/2009",1,2009,0.124018973,"16/03/2010",2010,209,209,"01/01/2017",1,2567,0.049249726,3
"291",10953,-0.076424935,"10/12/2010","1429","04/11/2014","06/12/2010",1,2010,0.114640059,"23/03/2012",2012,469,469,"01/01/2017",1,1429,0.191064994,3
